brand,name,screen_size(inches),resolution,camera,RAM,storage,battery,rating,price(inr)
Gionee,M7 Power,6,720x1440,8,4,64,4000,4,8024
Gionee,M7,6.01,1080x2160,8,6,64,4000,4.5,5439
Samsung,Galaxy M21 6GB128GB,6.4,1080x2340,20,6,128,6000,4.3,15361
Samsung,Galaxy M21 4GB64GB,6.4,1080x2340,20,4,64,6000,3.8,15299
Samsung,Galaxy A31 6GB128GB,6.4,1080x2400,20,6,128,5000,3.8,16999
Samsung,Galaxy A31 4GB64GB,6.4,1080x2400,20,4,64,5000,5,16659
Samsung,Galaxy A11 3GB32GB,6.4,720x1560,8,3,32,4000,4,9519
Samsung,Galaxy A11 2GB32GB,6.4,720x1560,8,2,32,4000,3.7,10199
Samsung,Galaxy M31 6GB128GB,6.4,1080x2340,32,6,128,6000,3.7,17679
Samsung,Galaxy M31 6GB64GB,6.4,1080x2340,32,6,64,6000,3.5,18359
Samsung,Galaxy Z Flip 8GB256GB,6.7,1080x2636,10,8,256,3300,5,74799
Samsung,Galaxy Xcover Pro 4GB64GB,6.3,1080x2340,13,4,64,4500,5,39690
Samsung,Galaxy S20 Ultra,6.9,1440x3200,40,12,128,5000,3.9,71399
Samsung,Galaxy S20 S20 Plus,6.7,1440x3200,10,8,128,4500,4.1,50999
Samsung,Galaxy S20,6.2,1440x3200,10,8,128,4000,4.3,48959
Samsung,Galaxy S10 Lite 8GB128GB,6.7,1080x2400,32,8,128,4500,4.2,31619
Samsung,Galaxy S10 Lite 6GB128GB,6.7,1080x2400,32,6,128,4500,4.2,29850
Samsung,Galaxy Note 10 Lite 8GB128GB,6.7,1080x2400,32,8,128,4500,4.2,30599
Samsung,Galaxy Note 10 Lite 6GB128GB,6.7,1080x2400,32,6,128,4500,3.8,29919
Samsung,Galaxy A51 4GB128GB,6.5,1080x2400,32,4,128,4000,3.9,19855
Samsung,Galaxy A01 2GB16GB,5.7,720x1560,5,2,16,3000,4.3,7479
Samsung,Galaxy A71 8GB128GB,6.7,1080x2400,32,8,128,4500,3.8,26451
Samsung,Galaxy A71 6GB128GB,6.7,1080x2400,32,6,128,4500,4,27063
Samsung,Galaxy A51 6GB128GB,6.5,1080x2400,32,6,128,4000,3.8,20059
Samsung,Galaxy A60 4GB64GB,6.3,1080x2340,16,4,64,3500,3.5,16320
Samsung,Galaxy A90 5G 8GB128GB,6.7,1080x2400,32,8,128,4500,3.5,50990
Samsung,Galaxy A90 5G 6GB128GB,6.7,1080x2400,32,6,128,4500,3.7,48990
Samsung,Galaxy A70s 8GB128GB,6.7,1080x2400,32,8,128,4500,4,22440
Samsung,Galaxy A70s 6GB128GB,6.7,1080x2400,32,6,128,4500,4.2,22440
Samsung,Galaxy A20s 4GB64GB,6.5,720x1560,8,4,64,4000,3,15640
Samsung,Galaxy A20s 3GB32GB,6.5,720x1560,8,3,32,4000,3.5,11627
Samsung,Galaxy M30s 6GB128GB,6.4,1080x2400,16,6,128,6000,3.3,17339
Samsung,Galaxy M30s 4GB64GB,6.4,1080x2400,16,4,64,6000,4.1,14620
Samsung,Galaxy M10s 3GB32GB,6.4,720x1560,8,3,32,4000,2.8,10471
Samsung,Galaxy A30s 4GB128GB,6.4,720x1560,16,4,128,4000,3.7,14959
Samsung,Galaxy A30s 4GB64GB,6.4,720x1560,16,4,64,4000,1.8,13940
Samsung,Galaxy A30s 3GB32GB,6.4,720x1560,16,3,32,4000,3.8,1359
Samsung,Galaxy A50s 6GB128GB,6.4,1080x2340,32,6,128,4000,3.9,19039
Samsung,Galaxy A50s 4GB64GB,6.4,1080x2340,32,4,64,4000,4.8,16659
Samsung,Galaxy A10s 2GB32GB,6.2,720x1520,8,2,32,4000,3.8,9179
Samsung,Galaxy Note 10 Note 10 Plus 12GB512GB,6.8,1440x3040,10,12,512,4300,2.3,63239
Samsung,Galaxy Note 10 Note 10 Plus 12GB256GB,6.8,1440x3040,10,12,256,4300,4,56439
Samsung,Galaxy Note 10 8GB256GB,6.3,1080x2280,10,8,256,3500,4.1,48959
Samsung,Galaxy A40,5.9,1080x2340,25,4,64,3100,4.2,14959
Samsung,Galaxy M40 6GB128GB,6.3,1080x2340,16,6,128,3500,4.3,18020
Samsung,Galaxy M40 4GB64GB,6.3,1080x2340,16,4,64,3500,4,16020
Samsung,Galaxy A60,6.3,1080x2340,16,6,128,3500,4.3,17000
Samsung,Galaxy A50 128GB 4GB,6.4,1080x2340,25,4,128,4000,3.6,18359
Samsung,Galaxy A20e,5.8,720x1560,8,3,32,3000,3.4,8833
Samsung,Galaxy A2 Core,5,540x960,5,1,8,2600,2.8,5984
Samsung,Galaxy A80,6.7,1080x2400,-,8,128,3700,3.3,27539
Samsung,Galaxy M20 64GB,6.3,1080x2340,8,4,64,5000,3.7,12579
Samsung,Galaxy A70 128GB 6GB,6.7,1080x2400,32,6,128,4500,3.6,22440
Samsung,Galaxy A20,6.4,720x1560,8,3,32,4000,2.9,8833
Samsung,Galaxy M10 32GB,6.22,720x1520,5,3,32,3400,2.8,10063
Samsung,Galaxy A30 64GB,6.4,1080x2340,16,4,64,4000,3.4,13590
Samsung,Galaxy A10,6.2,720x1520,5,2,32,3400,3.8,8833
Samsung,Galaxy M30 64GB,6.4,1080x2280,16,4,64,5000,3.9,15980
Samsung,Galaxy A50 64GB,6.4,1080x2340,25,4,64,4000,4.2,13590
Sony,Xperia X 32GB,5,1080x1920,13,3,32,2620,4.5,8791
Sony,Xperia Z5 Premium,5.5,2160x3840,5.1,3,32,3430,4,26860
Sony,Xperia Z5 Dual,5.2,1080x1920,5.1,3,32,2900,3.5,13600
Sony,Xperia Z3 Plus,5.2,1080x1920,5.1,3,32,2930,4,16990
Sony,Xperia Z3 Dual 32GB,5.2,1080x1920,2.2,3,32,3100,2.6,20900
Sony,Xperia Z3 Dual 16GB,5.2,1080x1920,2.2,3,16,3100,4.5,18990
Sony,Xperia C5 Ultra,6,1080x1920,13,2,16,2930,4.3,29990
Sony,Xperia L1,5.5,720x1280,5,2,16,2620,3.3,9180
Sony,Xperia C4,5.5,1080x1920,5,2,16,2600,2.7,6832
Sony,Xperia E5,5,720x1280,5,1.5,16,2300,3,6834
Lenovo,Legion Pro Duel 12GB256GB,6.65,1080x2340,20,12,256,5000,3.8,25890
Lenovo,Z6 Youth 6GB128GB,6.3,1080x2340,16,6,128,4050,3.7,19990
Lenovo,Z6 Youth 4GB64GB,6.3,1080x2340,16,4,64,4050,4.6,18990
Lenovo,Z6 Pro 12GB512GB,6.39,1080x2340,32,12,512,4000,4,35990
Lenovo,Z6 Pro 8GB256GB,6.39,1080x2340,32,8,256,4000,5,30990
Lenovo,Z6 Pro 8GB128GB,6.39,1080x2340,32,8,128,4000,5,29299
Lenovo,Z6 Pro 6GB128GB,6.39,1080x2340,32,6,128,4000,5,27199
Lenovo,Z6 8GB128GB,6.39,1080x2340,16,8,128,4000,5,27199
Lenovo,Z6 6GB128GB,6.39,1080x2340,16,6,128,4000,5,27199
Lenovo,Z6 6GB64GB,6.39,1080x2340,16,6,64,4000,4.5,25159
Lenovo,S5 Pro GT 64GB 4GB,6.2,1080x2246,20,4,64,3500,4.8,25159
Lenovo,Z5s,6.3,1080x2340,16,4,64,3300,3.6,9309
Lenovo,S5,5.7,1080x2160,16,3,32,3000,4.5,11560
Lenovo,K5 Play,5.7,720x1440,8,2,16,3000,4.5,7459
Lenovo,K5,5.7,720x1440,8,3,32,3000,4.5,7479
Lenovo,K6 Power,5,1080x1920,8,3,32,4000,3.5,4299
Lenovo,K8 Note,5.5,1080x1920,13,4,64,4000,3,9520
Lenovo,Vibe S1 Lite,5,1080x1920,8,2,16,2700,2,11900
Lenovo,Phab,6.98,720x1280,5,1,16,4250,2.5,7459
Lenovo,Phab Plus,6.8,1080x1920,5,2,32,3500,3,7459
Lenovo,K6 Note,5.5,1080x1920,8,3,32,4000,3.5,7479
Lenovo,K6 16GB,5,1080x1920,8,2,16,3000,3.5,12919
Lenovo,Vibe X2,5,1080x1920,5,2,32,2300,4,20383
Tecno,Camon 11 Pro,6.2,720x1500,24,6,64,3750,3.8,12580
Tecno,Camon 11,6.2,720x1500,16,2,16,3750,3.2,8159
Tecno,Spark 2 32GB,6,720x1440,8,2,32,3500,4,9384
Tecno,Camon X 32GB,6,720x1440,20,3,32,3750,3.9,1285
Tecno,Spark 2,6,720x1440,8,1,16,3500,3.4,7140
Tecno,F2 LTE,5,854x480,5,1,8,2400,3.1,6323
Tecno,Pouvoir 2 Pro,6,1440x720,13,3,16,5000,4,10880
Tecno,Pouvoir 2,6,1440x720,8,2,16,5000,3.7,9180
Tecno,Pouvoir 1,5.5,720x1280,5,1,16,5000,2,3502
Tecno,F3 POP 1,5.5,960x480,5,1,8,2400,3.8,6120
Tecno,F2,5,854x480,2,1,8,2000,3.4,8159
Tecno,F1,5,854x480,2,0.5,8,2000,3.4,4420
Tecno,Camon X Pro,6,1080x2160,24,4,64,3750,4.5,22590
Tecno,Camon X,6,720x1440,20,3,16,3750,3.9,19990
Tecno,Camon CX 32GB,5.5,1080x1920,16,2,32,3200,4.2,14890
Tecno,Spark Pro K8,5.5,720x1280,8,1,16,3000,3.9,20383
Tecno,Spark K7 Plus,5.5,720x1280,5,2,16,3000,3.9,10879
Tecno,Camon CM,5.7,720x1440,13,2,16,3000,3.9,10879
Tecno,Phantom 8,5.7,1080x1920,20,6,64,3500,4.3,1767
Tecno,Phantom 5,5.5,1080x1920,8,3,32,3000,3.6,3502
Tecno,L8,5.5,720x1280,2,1,16,5050,4,20383
Tecno,L8 Plus,5.5,720x1280,2,2,16,5050,3.5,20383
Tecno,Camon C7,5,720x1280,13,2,16,2500,3.7,1903
Tecno,Camon C9,5.5,1080x1920,13,2,16,3000,3.7,10879
Tecno,W5 Lite,5.5,720x1280,2,1,16,3000,3,12239
Oppo,A31 4GB64GB,6.5,720x1600,8,4,64,4230,3.3,12239
Oppo,Reno 3 Youth 8GB128GB,6.4,1080x2400,32,8,128,4025,3.8,19990
Oppo,F15 8GB128GB,6.4,1080x2400,16,8,128,4025,2.8,27199
Oppo,Reno 3 Pro 12GB256GB,6.5,1080x2400,32,12,256,4025,3.9,27199
Oppo,Reno 3 Pro 8GB128GB,6.5,1080x2400,32,8,128,4025,3.8,25159
Oppo,Reno 3 12GB128GB,6.4,1080x2400,32,12,128,4025,4.5,17099
Oppo,Reno 3 8GB128GB,6.4,1080x2400,32,8,128,4025,3.4,15099
Oppo,A91 8GB128GB,6.4,1080x2400,16,8,128,4025,3.2,20290
Oppo,A8 4GB128GB,6.5,720x1600,8,4,128,4230,3.5,12190
Oppo,Reno 2F 8GB128GB,6.5,1080x2340,16,8,128,4000,3.5,22780
Oppo,Reno Ace 8GB128GB,6.5,1080x2400,16,8,128,4000,4.2,22368
Oppo,K5 6GB128GB,6.4,1080x2340,32,6,128,4000,2.9,21420
Oppo,A11 4GB128GB,6.5,720x1600,16,4,128,5000,3.3,15000
Oppo,A9 2020 8GB128GB,6.5,720x1600,16,8,128,5000,3.3,17680
Oppo,A9 2020 4GB128GB,6.5,720x1600,16,4,128,5000,3.6,40799
Oppo,A5 2020 4GB128GB,6.5,720x1600,8,4,128,5000,3.4,15639
Oppo,A5 2020 3GB64GB,6.5,720x1600,8,3,64,5000,3,13260
Oppo,Reno 2 8GB256GB,6.5,1080x2400,16,8,256,4000,3.3,7479
Oppo,Reno Z 6GB256GB,6.4,1080x2340,32,6,256,4035,2,21090
Oppo,Reno Z 6GB128GB,6.4,1080x2340,32,6,128,4035,3.5,19040
Oppo,A1K 2GB32GB,6.1,720x1560,5,2,32,4000,3.7,7819
Oppo,K3 128GB,6.5,1080x2340,16,8,128,3765,3.9,23728
Oppo,K3 64GB,6.5,1080x2340,16,6,64,3765,5,20080
Oppo,F11 64GB,6.53,1080x2340,16,4,64,4020,4.3,19039
Oppo,Reno 10x zoom 128GB 6GB,6.6,1080x2340,16,6,128,4065,3.6,21079
Oppo,Reno 128GB 6GB,6.4,1080x2340,16,6,128,3765,3.6,7888
Oppo,A7 64GB,6.2,720x1520,16,4,64,4230,4.8,11560
Oppo,F11 Pro 128GB 6GB,6.5,1080x2340,16,6,128,4000,3.5,8568
Oppo,A7 32GB,6.2,720x1520,16,3,32,4230,3.3,7888
Oppo,F9 Pro,6.3,1080x2340,25,6,64,3500,4.3,7888
Cubot,S550 Pro,5.5,720x1280,8,3,16,3000,4,2606
Cubot,Cheetah,5.5,1080x1920,8,3,32,3050,3.5,1699
Cubot,Dinosaur,5.5,720x1280,5,3,16,4150,3,58275
Cubot,Note S,5.5,720x1280,5,2,16,4150,2,1100
Cubot,Echo,5,720x1280,5,2,16,3000,4,1047
Cubot,Rainbow,5,720x1280,5,1,16,2200,3,54229
Xiaomi,Redmi Note 5A 16GB,5.5,720x1280,16,2,16,3080,3.4,10540
Xiaomi,Mi A1,5.5,1080x1920,5,4,64,3080,4.6,1210
Xiaomi,Mi Max 128 GB,6.44,1080x1920,5,4,128,4850,3,41344
Xiaomi,Mi Max 64 GB,6.44,1080x1920,5,3,64,4850,2.5,19040
Xiaomi,Mi Max 32 GB,6.44,1080x1920,5,3,32,4850,3,15380
Xiaomi,Mi Max 16 GB,6.44,1080x1920,5,2,16,4850,3.5,12900
Xiaomi,Redmi 4a 32 GB,5,720x1280,5,2,32,3120,2,10990
Xiaomi,Redmi 4a 16 GB,5,720x1280,5,2,16,3120,2,8160
Xiaomi,Mi 5s 128 GB,5.15,1080x1920,4,4,128,3200,4,6446
Xiaomi,Mi 5s 64 GB,5.15,1080x1920,4,3,64,3200,4,6255
Xiaomi,Mi 5 64 GB,5.15,1080x1920,4,3,64,3000,4,6255
Xiaomi,Mi 5 32 GB,5.15,1080x1920,4,3,32,3000,3.7,5167
Nokia,51 Plus Nokia X5 64GB 4GB,5.86,720x1520,8,4,64,3060,4.1,7479
Nokia,210,2.4,240x320,-,0.5,0.016,1020,2.5,2448
Nokia,42 32GB,5.71,720x1520,8,3,32,3000,3.7,10404
Nokia,42 16GB,5.71,720x1520,8,2,16,3000,3.7,7479
Nokia,32 32GB,6.2,720x1520,5,3,32,4000,3.1,4283
Nokia,32 16GB,6.2,720x1520,5,2,16,4000,3,8500
Nokia,1 Plus 16GB,5.45,480x960,5,1,16,2500,5,7479
Nokia,1 Plus 8GB,5.45,480x960,5,1,8,2500,5,7479
Nokia,9 PureView,5.99,1440x2880,20,6,128,3320,3,38760
Nokia,31 Plus 16GB,6,720x1440,8,2,16,3500,4.5,7479
Nokia,81 X7,6.18,1080x2280,20,4,64,3500,3.8,12999
Nokia,71 32GB,5.84,1080x2280,8,3,32,3060,4.8,11900
Nokia,61 64GB,5.5,1080x1920,8,4,64,3000,3.8,7479
Nokia,8110 4G,2.4,240x320,-,0.5,4,1500,3.8,11559
Nokia,51 Plus X5 32GB,5.86,720x1520,8,3,32,3060,3.8,9860
Nokia,31 16GB,5.2,720x1440,8,2,16,2990,2.8,6800
Nokia,51 16GB,5.5,1080x2160,8,2,16,2970,3.3,7480
Nokia,21,5.5,720x1280,5,1,8,4000,3.2,5780
Nokia,61 Plus X6,5.8,1080x2220,16,4,64,3060,4,3127
Nokia,8 Sirocco,5.5,1440x2560,5,6,128,3260,5,3127
Nokia,1,4.5,480x854,2,1,8,1800,3.6,3127
Nokia,7 Plus,6,1080x2160,16,4,64,3800,4.3,49218
Nokia,6 2018,5.5,1080x1920,8,4,32,3000,4.2,49218
Nokia,7,5.2,1080x1920,5,4,64,3000,4.6,4011
Nokia,9,5.5,1440x2560,13,4,128,-,4.4,4011
Nokia,2,5,720x1280,5,1,8,4100,4.2,4011
Nokia,5,5.2,720x1280,8,2,16,3000,3.7,8500
Xiaomi,Redmi Note 8 4GB64GB,6.3,1080x2340,13,4,64,4000,4.6,12580
Xiaomi,Black Shark 2 Pro 12GB256GB,6.39,1080x2340,20,12,256,4000,5,52900
Xiaomi,Black Shark 2 Pro 12GB128GB,6.39,1080x2340,20,12,128,4000,5,49900
Xiaomi,Black Shark 2 Pro 8GB128GB,6.39,1080x2340,20,8,128,4000,5,46900
Xiaomi,Black Shark 2 12GB256GB,6.39,1080x2340,20,12,256,4000,3.7,45999
Xiaomi,Black Shark 2 8GB256GB,6.39,1080x2340,20,8,256,4000,4.5,45290
Xiaomi,Black Shark 2 8GB128GB,6.39,1080x2340,20,8,128,4000,4.5,42820
Xiaomi,Black Shark 2 6GB128GB,6.39,1080x2340,20,6,128,4000,5,31999
Xiaomi,Black Shark 8GB128GB,5.99,1080x2160,20,8,128,4000,3.7,31999
Xiaomi,Black Shark 6GB64GB,5.99,1080x2160,20,6,64,4000,5,28980
Xiaomi,Black Shark Helo 10GB256GB,6.01,1080x2160,20,10,256,4000,5,43080
Xiaomi,Black Shark Helo 8GB128GB,6.01,1080x2160,20,8,128,4000,5,41344
Xiaomi,Black Shark Helo 6GB128GB,6.01,1080x2160,20,6,128,4000,5,35901
Xiaomi,Mi CC9e 6GB128GB,6.01,720x1560,32,6,128,4030,5,829
Xiaomi,Mi CC9e 6GB64GB,6.01,720x1560,32,6,64,4030,4.5,105400
Xiaomi,Mi CC9e 4GB64GB,6.01,720x1560,32,4,64,4030,5,105400
Xiaomi,Mi CC9mt Meitu Edition 8GB256GB,6.39,1080x2340,32,8,256,4030,3.7,105400
Xiaomi,Mi CC9 6GB128GB,6.39,1080x2340,32,6,128,4030,3.7,105400
Xiaomi,Mi CC9 6GB64GB,6.39,1080x2340,32,6,64,4030,5,105400
Xiaomi,Redmi K20 Pro 8GB256GB,6.39,1080x2340,20,8,256,4000,4,28999
Xiaomi,Redmi K20 Pro 8GB128GB,6.39,1080x2340,20,8,128,4000,5,26999
Xiaomi,Redmi K20 Pro 6GB128GB,6.39,1080x2340,20,6,128,4000,4.7,25999
Xiaomi,Redmi K20 Pro 6GB64GB,6.39,1080x2340,20,6,64,4000,3.9,23980
Xiaomi,Redmi K20 8GB256GB,6.39,1080x2340,20,8,256,4000,5,21680
Xiaomi,Redmi K20 6GB128GB,6.39,1080x2340,20,6,128,4000,4.5,24300
Xiaomi,Redmi K20 6GB64GB,6.39,1080x2340,20,6,64,4000,3,18999
Xiaomi,Mi Mix 2S 6GB128GB,5.99,1080x2160,5,6,128,3400,4,21450
Xiaomi,Mi 8 Lite 6GB128GB,6.26,1080x2280,24,6,128,3350,5,18019
Apple,iPhone SE 2020 256GB,4.7,750x1334,7,3,256,1821,4.5,42759
Apple,iPhone SE 2020 128GB,4.7,750x1334,7,3,128,1821,3.6,38759
Apple,iPhone SE 2020 64GB,4.7,750x1334,7,3,64,1821,3.7,35019
Apple,iPhone 11 Pro Max 512GB,6.5,1242x2688,12,4,512,3500,4.4,110840
Apple,iPhone 11 Pro Max 256GB,6.5,1242x2688,12,4,256,3500,3.4,91459
Apple,iPhone 11 Pro Max 64GB,6.5,1242x2688,12,4,64,3500,4.1,81939
Apple,iPhone 11 Pro 512GB,5.8,1125x2436,12,4,512,3190,3,115600
Apple,iPhone 11 Pro 256GB,5.8,1125x2436,12,4,256,3190,3.4,87039
Apple,iPhone 11 Pro 64GB,5.8,1125x2436,12,4,64,3190,3.5,74800
Apple,iPhone 11 256GB,6.1,828x1792,12,4,256,3110,3.7,63919
Apple,iPhone 11 128GB,6.1,828x1792,12,4,128,3110,4.1,55759
Apple,iPhone 11 64GB,6.1,828x1792,12,4,64,3110,3.5,52359
Apple,iPhone XR 256GB,6.1,828x1792,7,3,256,-,2.8,55760
Apple,iPhone XR 128GB,6.1,828x1792,7,3,128,-,3.5,49640
Apple,iPhone XS 512GB,5.8,1125x2436,7,4,512,-,3,62560
Apple,iPhone XS 256GB,5.8,1125x2436,7,4,256,-,4,60180
Apple,iPhone XS Max 512GB,6.5,1242x2688,7,4,512,-,4.8,76840
Apple,iPhone XS Max 256GB,6.5,1242x2688,7,4,256,-,3.8,68000
Apple,iPhone XS Max 64GB,6.5,1242x2688,7,4,64,-,3.5,61200
Apple,iPhone XS 64GB,5.8,1125x2436,7,4,64,-,3.4,51000
Apple,iPhone XR 64GB,6.1,828x1792,7,3,64,-,3.3,45560
Apple,iPhone 5s 16GB,4,640x1136,1.2,1,16,1560,3.4,8295
Apple,iPhone 6 Plus 64GB,5.5,1080x1920,1.2,1,64,2915,4.1,20870
Apple,iPhone X 256 GB,5.8,1125x2436,7,3,256,-,3.9,44880
Apple,iPhone X 64 GB,5.8,1125x2436,7,3,64,-,3.7,43520
Apple,iPhone 8 Plus 256 GB,5.5,1080x1920,7,3,256,-,4.1,36720
Apple,iPhone 8 Plus 64 GB,5.5,1080x1920,7,3,64,-,3.3,32980
Apple,iPhone 8 256 GB,4.7,750x1334,7,2,256,-,2.9,29920
Apple,iPhone 8 64 GB,4.7,750x1334,7,2,64,-,3.7,27200
Apple,iPhone 6s Plus 128 GB,5.5,1080x1920,5,2,128,2750,4.3,22440
Tecno,Camon CX Air,5.5,720x1280,13,2,16,3200,4.2,23453
Tecno,Camon CX,5.5,1080x1920,16,2,16,3200,4.3,10199
Tecno,WX3 P,5,480x854,5,1,8,5000,3.8,782
Tecno,WX3,5,480x854,5,1,8,2500,3.3,4760
Tecno,W4 4G,5,720x1280,2,1,16,2500,3.5,20399
Tecno,W4 3G,5,720x1280,2,1,16,2500,3.8,20399
Tecno,W1,4,480x800,2,1,8,1800,2.9,14279
Oppo,F17 Pro 8GB128GB,6.43,1080x2400,16,8,128,4000,4.7,14279
Oppo,A53 4GB64GB,6.5,720x1600,16,4,64,5000,3.7,10199
Oppo,K7 5G 8GB256GB,6.4,1080x2400,32,8,256,4025,3,10199
Oppo,K7 5G 8GB128GB,6.4,1080x2400,32,8,128,4025,5,8870
Oppo,Reno 4 Pro 4G 8GB256GB,6.5,1080x2400,32,8,256,4000,4,20399
Oppo,Reno 4 Pro 4G 8GB128GB,6.5,1080x2400,32,8,128,4000,5,18430
Oppo,Reno 4 4G 8GB128GB,6.4,1080x2400,32,8,128,4015,5,14590
Oppo,Reno 4 Pro 5G 12GB256GB,6.55,1080x2400,32,12,256,4000,3.7,22780
Oppo,Reno 4 Pro 5G 8GB128GB,6.55,1080x2400,32,8,128,4000,5,20980
Oppo,Reno 4 5G 8GB256GB,6.43,1080x2400,32,8,256,4000,3,21450
Oppo,Reno 4 5G 8GB128GB,6.43,1080x2400,32,8,128,4000,2.6,19080
Oppo,Find X2 Neo 12GB256GB,6.5,1080x2400,32,12,256,4025,5,64090
Oppo,A92s 8GB256GB,6.57,1080x2400,16,8,256,4000,3,25450
Oppo,A92s 8GB128GB,6.57,1080x2400,16,8,128,4000,3.9,23000
Oppo,A92s 6GB128GB,6.57,1080x2400,16,6,128,4000,3,20999
Oppo,A72 8GB128GB,6.5,1080x2400,16,8,128,5000,5,16890
Oppo,A72 4GB128GB,6.5,1080x2400,16,4,128,5000,5,14590
Oppo,A52 4GB128GB,6.5,1080x2400,16,4,128,5000,2.8,13939
Oppo,A52 4GB64GB,6.5,1080x2400,16,4,64,5000,4,11980
Oppo,A12 4GB64GB,6.22,720x1520,5,4,64,4230,3.7,9503
Oppo,A12 3GB32GB,6.22,720x1520,5,3,32,4230,4.5,10199
Oppo,Find X2 Lite 8GB128GB,6.4,1080x2400,32,8,128,4025,5,61200
Oppo,A92 8GB128GB,6.5,1080x2400,16,8,128,5000,3.3,19380
Oppo,Ace 2 12GB256GB,6.55,1080x2400,16,12,256,4000,5,9503
Oppo,Ace 2 8GB256GB,6.55,1080x2400,16,8,256,4000,5,9503
Oppo,Ace 2 8GB128GB,6.55,1080x2400,16,8,128,4000,4,9503
Oppo,A31 Pro 4GB128GB,6.5,720x1600,8,4,128,4230,2.7,13803
Oppo,Find X2 Pro 12GB512GB,6.7,1440x3168,32,12,512,4260,5,89970
Oppo,Find X2 12GB256GB,6.7,1440x3166,32,12,256,4200,4,84999
Realme,6 Pro 6GB128GB,6.6,1080x2400,16,6,128,4300,3.7,18990
Realme,6 Pro 6GB64GB,6.6,1080x2400,16,6,64,4300,4.3,16780
Realme,6i 4GB128GB,6.5,720x1600,16,4,128,5000,5,6113
Realme,6i 3GB64GB,6.5,720x1600,16,3,64,5000,5,5809
Realme,X50m 5G 8GB128GB,6.57,1080x2400,16,8,128,4200,5,407
Realme,X50m 5G 6GB128GB,6.57,1080x2400,16,6,128,4200,5,2671
Realme,Narzo 10A 3GB32GB,6.5,720x1600,5,3,32,5000,3.3,10400
Realme,Narzo 10 4GB128GB,6.5,720x1600,16,4,128,5000,4.7,12900
Realme,X50 Pro Player 8GB128GB,6.44,1080x2400,16,8,128,4200,5,9383
Realme,X50 Pro Player 6GB128GB,6.44,1080x2400,16,6,128,4200,5,13599
Realme,6S 4GB64GB,6.5,1080x2400,16,4,64,4300,5,13599
Realme,X3 SuperZoom 12GB256GB,6.6,1080x2400,32,12,256,4200,5,13599
Realme,X3 SuperZoom 8GB128GB,6.6,1080x2400,32,8,128,4200,5,11890
Realme,5 Pro 6GB64GB,6.3,1080x2340,16,6,64,4035,5,12350
Realme,5 Pro 4GB64GB,6.3,1080x2340,16,4,64,4035,5,10980
Realme,5 3GB64GB,6.5,720x1600,13,3,64,5000,3.5,8870
Realme,5 3GB32GB,6.5,720x1600,13,3,32,5000,5,8000
Realme,X2 6GB64GB,6.4,1080x2340,32,6,64,4000,5,12040
Realme,X2 4GB64GB,6.4,1080x2340,32,4,64,4000,3.5,10403
Realme,C3 4GB64GB,6.5,720x1560,5,4,64,5000,3,13450
Realme,C3 3GB32GB,6.5,720x1560,5,3,32,5000,3,12090
Realme,C3 2GB32GB,6.5,720x1560,5,2,32,5000,3.6,10199
Samsung,Galaxy M51 6GB128GB,6.7,1080x2340,32,6,128,7000,4.9,6935
Samsung,Galaxy Fold 5G 12GB512GB,7.3,1536x2152,10,12,512,4235,4,115600
Samsung,Galaxy Z Fold 2 5G 12GB256GB,7.6,1768x2208,10,12,256,4500,3.3,125399
Samsung,Galaxy Note 20 Ultra 5G 12GB512GB,6.9,1440x3088,10,12,512,4500,4.2,106760
Samsung,Galaxy Note 20 Ultra 5G 12GB256GB,6.9,1440x3088,10,12,256,4500,5,89079
Samsung,Galaxy Note 20 Ultra 5G 12GB128GB,6.9,1440x3088,10,12,128,4500,5,85670
Samsung,Galaxy Note 20 Ultra 8GB512GB,6.9,1440x3088,10,8,512,4500,3.7,82300
Samsung,Galaxy Note 20 Ultra 8GB256GB,6.9,1440x3088,10,8,256,4500,3.4,78879
Samsung,Galaxy Note 20 8GB256GB,6.7,1080x2400,10,8,256,4300,4.7,61199
Samsung,Galaxy A3 Core 1GB16GB,5.3,720x1480,5,1,16,3000,5,6800
Samsung,Galaxy M31s 8GB128GB,6.5,1080x2400,32,8,128,6000,4.7,25840
Samsung,Galaxy M31s 6GB128GB,6.5,1080x2400,32,6,128,6000,4.1,16999
Samsung,Galaxy M01s 3GB32GB,6.2,720x1520,8,3,32,4000,5,2751
Samsung,Galaxy Z Flip 5G 8GB256GB,6.7,1080x2636,10,8,256,3300,5,3057
Samsung,Galaxy A01 Core 2GB32GB,5.3,720x1480,5,2,32,3000,5,2584
Samsung,Galaxy A01 Core 1GB16GB,5.3,720x1480,5,1,16,3000,5,1372
Samsung,Galaxy M01 3GB32GB,5.7,720x1520,5,3,32,4000,2.3,9179
Samsung,Galaxy A21s 6GB64GB,6.5,720x1600,13,6,64,5000,3.2,22340
Samsung,Galaxy A21s 4GB64GB,6.5,720x1600,13,4,64,5000,3.3,18292
Samsung,Galaxy A21s 3GB32GB,6.5,720x1600,13,3,32,5000,4,13463
Samsung,Galaxy J2 Core 2020 1GB16GB,5,540x960,5,1,16,2600,3,25840
Samsung,Galaxy A71 5G 8GB128GB,6.7,1080x2400,32,8,128,4500,3.9,10743
Samsung,Galaxy A71 5G 6GB128GB,6.7,1080x2400,32,6,128,4500,4.5,8090
Samsung,Galaxy A51 5G 8GB128GB,6.5,1080x2400,32,8,128,4500,4.1,7090
Samsung,Galaxy A51 5G 6GB128GB,6.5,1080x2400,32,6,128,4500,4,6500
Samsung,Galaxy A21 3GB32GB,6.5,720x1600,13,3,32,4000,4,1353
Samsung,Galaxy M11 4GB64GB,6.4,720x1560,8,4,64,5000,3.7,12086
Samsung,Galaxy M11 3GB32GB,6.4,720x1560,8,3,32,5000,2.5,10879
Samsung,Galaxy A41 4GB64GB,6.1,1080x2400,25,4,64,3500,4,7479
Huawei,Y7 Prime,5.5,720x1280,8,3,32,4000,3.2,10540
Huawei,Y5 2017,5,720x1280,5,2,16,3000,3.2,40800
Huawei,Y3 2017,5,480x854,2,1,8,2200,3.7,38677
Huawei,Nova 2,5,1080x1920,20,4,64,2950,3.5,12890
Huawei,Nova Plus,5.5,1080x1920,8,3,32,3340,3.5,20890
Huawei,P10 Plus 64GB,5.5,1440x2560,8,4,64,3750,4.2,32640
Huawei,P9 Plus,5.5,1080x1920,8,4,64,3400,4.4,7479
Huawei,Mate 10 Pro 64GB,6,1080x2160,8,4,64,4000,4.7,40800
Huawei,Mate 10,5.9,1440x2560,8,4,64,4000,4.2,19040
Huawei,Honor 7 16GB,5.2,1080x1920,8,3,16,3100,3.7,40800
Huawei,Shot X,5.2,1080x1920,13,2,16,3100,3.5,40800
Huawei,Mate 10 Lite,5.9,1080x2160,13,4,64,3340,4.1,360
Huawei,Honor 7X 32GB,5.93,1080x2160,8,4,32,3340,4.3,360
Huawei,Mate 9 Pro 128GB,5.5,1440x2560,8,6,128,4000,4.8,360
Huawei,Mate 9 Pro 64GB,5.5,1440x2560,8,4,64,4000,4,339
Huawei,Mate 9,5.9,1080x1920,8,4,64,4000,3.8,339
Huawei,Mate 8 64GB,6,1080x1920,8,4,64,4000,3,475
Huawei,Mate 8 32GB,6,1080x1920,8,3,32,4000,3.8,475
Huawei,Ascend Mate 7 32GB,6,1080x1920,5,3,32,4100,3.7,407
Huawei,Ascend Mate 7 16GB,6,1080x1920,5,2,16,4100,4.1,407
Huawei,Mate S 128GB,5.5,1080x1920,8,3,128,2700,3,1026
Huawei,Mate S 64GB,5.5,1080x1920,8,3,64,2700,4,407
Huawei,Mate S 32GB,5.5,1080x1920,8,3,32,2700,3,407
Huawei,Honor 8 Lite,5.2,1080x1920,8,3,16,3000,3.7,56528
Huawei,Honor 8 32GB,5.2,1080x1920,8,4,32,3000,4.2,1026
Huawei,Nova,5,1080x1920,8,3,32,3020,3.8,1026
Huawei,P10 Lite 4 GB RAM,5.2,1080x1920,8,4,32,3000,4,14620
Huawei,P10 Lite 3 GB RAM,5.2,1080x1920,8,3,32,3000,4,305
Huawei,P10 64 GB,5.1,1080x1920,8,4,64,3200,3.5,305
Huawei,P10 32 GB,5.1,1080x1920,8,4,32,3200,4.3,271
Oppo,A3s Pro,6.2,720x1520,8,3,32,4230,4.1,53720
Oppo,A3s,6.2,720x1520,8,2,16,4230,4.1,8160
Oppo,F9,6.3,1080x2340,25,4,64,3500,3.7,15980
Oppo,Find X,6.42,1080x2340,25,8,256,3730,4,271
Oppo,A3,6.2,1080x2280,8,4,128,3400,3.8,271
Oppo,F7,6.23,1080x2280,25,4,64,3400,4.2,663
Oppo,A83,5.7,720x1440,8,3,32,3180,3.4,15980
Oppo,F5 64GB,6,1080x2160,20,6,64,3200,4.3,10880
Oppo,F5 Youth,6,1080x2160,16,3,32,3200,3.3,679
Oppo,F1s,5.5,720x1280,16,3,32,3075,2.8,898
Oppo,A57,5.2,720x1280,16,3,32,2900,4,715
Oppo,A37,5,720x1280,5,2,16,2630,3.5,522
Oppo,F5,6,1080x2160,20,4,32,3200,4.2,10200
Oppo,F3,5.5,1080x1920,16,4,64,3200,3.9,1223
Oppo,A71,5.2,720x1280,5,3,16,3000,4.2,1699
OnePlus,Nord 12GB256GB,6.44,1080x2400,32,12,256,4115,5,33931
OnePlus,Nord 8GB128GB,6.44,1080x2400,32,8,128,4115,5,32299
OnePlus,Nord 6GB64GB,6.44,1080x2400,32,6,64,4115,5,3467
OnePlus,8 Pro 12GB256GB,6.78,1440x3168,16,12,256,4510,5,61131
OnePlus,8 Pro 8GB128GB,6.78,1440x3168,16,8,128,4510,4.7,56439
OnePlus,8 12GB256GB,6.55,1080x2400,16,12,256,4300,5,46920
OnePlus,8 8GB128GB,6.55,1080x2400,16,8,128,4300,5,43519
OnePlus,7T Pro 12GB256GB,6.67,1440x3120,16,12,256,4085,5,63240
OnePlus,7T Pro 8GB256GB,6.67,1440x3120,16,8,256,4085,3.7,44199
OnePlus,7 Pro 8GB256GB,6.67,1440x3120,16,8,256,4000,3.9,40799
OnePlus,7T 8GB256GB,6.55,1080x2400,16,8,256,3800,5,37060
OnePlus,7T 8GB128GB,6.55,1080x2400,16,8,128,3800,4.7,36039
OnePlus,7 Pro 256GB 12GB,6.67,1440x3120,16,12,256,4000,4,13599
OnePlus,7 Pro 128GB,6.67,1440x3120,16,6,128,4000,4.4,8092
OnePlus,7 256GB,6.41,1080x2340,16,8,256,3700,3.4,34000
OnePlus,7 128GB,6.41,1080x2340,16,6,128,3700,5,660
OnePlus,6T McLaren,6.41,1080x2340,16,10,256,3700,4.7,801
OnePlus,6T 128GB,6.41,1080x2340,16,6,128,3700,5,37400
OnePlus,6 128GB,6.28,1080x2280,16,8,128,3300,3.6,36040
OnePlus,6,6.28,1080x2280,16,6,64,3300,4.3,39440
OnePlus,5T 128GB,6.01,1080x2160,16,8,128,3300,4.7,801
OnePlus,5T 64GB,6.01,1080x2160,16,6,64,3300,4.7,801
OnePlus,5 128GB,5.5,1080x1920,16,8,128,3300,4.6,8092
OnePlus,5 64GB,5.5,1080x1920,16,6,64,3300,3.7,8153
OnePlus,3T 128GB,5.5,1080x1920,16,6,128,3400,4,801
OnePlus,3T 64GB,5.5,1080x1920,16,6,64,3400,4.6,7140
Honor,9C 4GB64GB,6.39,720x1560,8,4,64,4000,4,4624
Honor,9A 3GB64GB,6.3,720x1600,8,3,64,5000,4,801
Honor,Play 4 Pro 8GB128GB,6.57,1080x2400,32,8,128,4200,5,727
Honor,Play 4 8GB128GB,6.81,1080x2400,16,8,128,4300,4.5,727
Honor,8S 2020 3GB64GB,5.71,720x1520,5,3,64,3020,4,407
Honor,X10 Max 5G 6GB128GB,7.09,1080x2280,8,6,128,5000,5,407
Honor,30 Youth 6GB128GB,6.5,1080x2400,16,6,128,4000,4,407
Honor,30 Youth 6GB64GB,6.5,1080x2400,16,6,64,4000,4,414
Honor,30 8GB256GB,6.53,1080x2400,32,8,256,4000,5,64841
Honor,30 8GB128GB,6.53,1080x2400,32,8,128,4000,5,64841
Honor,30 6GB128GB,6.53,1080x2400,32,6,128,4000,5,64841
HTC,Wildfire E2 4GB64GB,6.22,720x1560,8,4,64,4000,3.5,782
HTC,Wildfire R70 2GB32GB,6.53,720x1560,8,2,32,4000,5,407
HTC,U20 5G 8GB256GB,6.8,1080x2400,32,8,256,5000,3.7,782
HTC,Desire 20 Pro 6GB128GB,6.5,1080x2340,25,6,128,5000,4,23799
HTC,Desire 19s 3GB32GB,6.2,720x1520,16,3,32,3850,3,1155
HTC,U12 Life 64GB,6,1080x2160,13,4,64,3600,5,18700
HTC,Desire 12s 32GB,5.7,720x1440,13,3,32,3075,4,1155
HTC,Desire 650,5,720x1280,5,2,16,2200,3,1155
HTC,One X10,5.5,1080x1920,8,3,32,4000,2,1155
HTC,U12 Plus 64GB,6,1440x2880,8,6,64,3500,2.7,45220
HTC,Desire 12 Plus,6,720x1440,8,3,32,2965,4,10880
HTC,Desire 12,5.5,720x1440,5,2,16,2730,1.3,10200
HTC,U11 Eyes,6,1080x2160,5,4,64,3930,3,468
HTC,Desire 10 Compact,5,720x1280,5,3,32,3300,3,468
HTC,10 Evo 64GB,5.5,1440x2560,8,3,64,3200,4,468
HTC,U11 Plus 128GB,6,1440x2880,8,6,128,3930,4.4,33660
HTC,Desire 628,5,720x1280,5,3,32,2200,4,13599
HTC,E9,5.5,1080x1920,4,2,16,2800,2.5,33614
HTC,Desire 630,5,720x1280,5,2,16,2200,4,33614
HTC,Desire 530,5,720x1280,5,1.5,16,2200,1.7,11559
HTC,10 Evo,5.5,1440x2560,8,3,32,3200,3.2,11559
HTC,Desire 728G,5.5,720x1280,5,1.5,16,2800,3.3,8363
HTC,10 64 GB,5.2,1440x2560,5,4,64,3000,3,20399
HTC,10 32 GB,5.2,1440x2560,5,4,32,3000,4.3,6766
HTC,Desire 728,5.5,720x1280,5,2,16,2800,4,6766
HTC,One M9 Plus,5.2,1440x2560,4,3,32,2840,3.9,8833
HTC,One M9,5,1080x1920,4,3,32,2840,4.2,7479
HTC,One A9 32 GB,5,1080x1920,4,3,32,2150,4,8363
HTC,One A9 16 GB,5,1080x1920,4,2,16,2150,4,8214
HTC,Desire 10 Lifestyle,5.5,720x1280,5,3,32,2700,4,6800
Xiaomi,Mi 10 Youth 5G 6GB128GB,6.57,1080x2400,16,6,128,4160,5,8214
Xiaomi,Mi 10 Youth 5G 6GB64GB,6.57,1080x2400,16,6,64,4160,5,8363
Xiaomi,Redmi Note 8T 4GB128GB,6.3,1080x2340,13,4,128,4000,5,14279
Xiaomi,Redmi Note 8T 4GB64GB,6.3,1080x2340,13,4,64,4000,5,13260
Xiaomi,Redmi Note 8T 3GB32GB,6.3,1080x2340,13,3,32,4000,5,8363
Xiaomi,Mi Note 10 Pro 8GB256GB,6.47,1080x2340,32,8,256,5260,3.5,8363
Xiaomi,Mi 10 5G 12GB256GB,6.67,1080x2340,20,12,256,4780,3.7,52291
Xiaomi,Mi 10 5G 8GB256GB,6.67,1080x2340,20,8,256,4780,3.3,8214
Xiaomi,Mi 10 5G 8GB128GB,6.67,1080x2340,20,8,128,4780,3.8,8363
Xiaomi,Poco X2 8GB256GB,6.67,1080x2400,20,8,256,4500,5,12239
Xiaomi,Poco X2 6GB128GB,6.67,1080x2400,20,6,128,4500,5,12239
Xiaomi,Poco X2 6GB64GB,6.67,1080x2400,20,6,64,4500,5,10880
Xiaomi,Mi Note 10 6GB128GB,6.47,1080x2340,32,6,128,5260,5,30940
Xiaomi,Redmi K30 5G 8GB256GB,6.67,1080x2400,20,8,256,4500,4.5,475
Xiaomi,Redmi K30 5G 8GB128GB,6.67,1080x2400,20,8,128,4500,4.5,11559
Xiaomi,Redmi K30 5G 6GB128GB,6.67,1080x2400,20,6,128,4500,5,11559
Xiaomi,Redmi K30 5G 6GB64GB,6.67,1080x2400,20,6,64,4500,5,7343
Xiaomi,Redmi K30 8GB256GB,6.67,1080x2400,20,8,256,4500,4,7479
Xiaomi,Redmi K30 8GB128GB,6.67,1080x2400,20,8,128,4500,4.7,12239
Xiaomi,Redmi K30 6GB128GB,6.67,1080x2400,20,6,128,4500,4,7479
Xiaomi,Redmi K30 6GB64GB,6.67,1080x2400,20,6,64,4500,5,12239
Xiaomi,Mi 9T Pro 8GB256GB,6.39,1080x2340,20,8,256,4000,3,360
Xiaomi,Mi 9T Pro 6GB128GB,6.39,1080x2340,20,6,128,4000,5,27880
Xiaomi,Mi 9T Pro 6GB64GB,6.39,1080x2340,20,6,64,4000,5,25160
Xiaomi,Redmi Note 8 Pro 6GB128GB,6.53,1080x2340,20,6,128,4500,3.2,16999
Xiaomi,Redmi Note 8 Pro 4GB64GB,6.53,1080x2340,20,4,64,4500,3.7,14960
Xiaomi,Mi 9 Lite 6GB128GB,6.39,1080x2340,32,6,128,4030,3.7,26723
Xiaomi,Mi 9 Lite 6GB64GB,6.39,1080x2340,32,6,64,4030,2.7,26723
Xiaomi,Redmi Note 8 6GB128GB,6.3,1080x2340,13,6,128,4000,4.8,17679
Xiaomi,Redmi Note 8 6GB64GB,6.3,1080x2340,13,6,64,4000,3.7,16999
Lava,Iris 51 1GB8GB,5,480x854,5,1,8,2500,4,4760
Lava,Iris 42 1GB8GB,5,480x854,2,1,8,2000,2.5,4080
Lava,Z50 Pro 4G,4.5,480x854,5,1,8,2000,2,4760
Infinix,Hot 10 3GB64GB,6.78,720x1640,8,3,64,5200,5,8772
Infinix,Zero 8 8GB128GB,6.85,1080x2460,48,8,128,4500,5,19379
Infinix,Smart 5 3GB64GB,6.6,720x1600,8,3,64,5000,4.5,26723
Infinix,Smart 5 2GB32GB,6.6,720x1600,8,2,32,5000,5,6800
Infinix,Smart 4 Plus 3GB32GB,6.82,720x1640,8,3,32,6000,3.5,13593
Infinix,Hot 8 3GB32GB,6.52,720x1600,8,3,32,5000,5,8840
Infinix,Hot 9 Pro 4GB64GB,6.6,720x1600,8,4,64,5000,4.5,8833
Infinix,Hot 9 Play 4GB64GB,6.82,720x1640,8,4,64,6000,3.8,590
Infinix,Hot 9 Play 3GB64GB,6.82,720x1640,8,3,64,6000,4,336
Infinix,Hot 9 Play 3GB32GB,6.82,720x1640,8,3,32,6000,3,2422
Infinix,Hot 9 Play 2GB32GB,6.82,720x1640,8,2,32,6000,5,255
Infinix,S5 Pro 6GB128GB,6.53,1080x2340,16,6,128,4000,5,14620
Infinix,Note 7 Lite 4GB64GB,6.6,720x1600,8,4,64,5000,3,11219
Infinix,Hot 9 4GB128GB,6.6,720x1600,8,4,128,5000,3.1,8833
Infinix,Hot 9 4GB64GB,6.6,720x1600,8,4,64,5000,3.3,8833
Infinix,Hot 9 3GB64GB,6.6,720x1600,8,3,64,5000,3.2,9520
Infinix,Hot 9 3GB32GB,6.6,720x1600,8,3,32,5000,2.8,639
Infinix,Hot 9 2GB32GB,6.6,720x1600,8,2,32,5000,3,9179
Infinix,Note 7 Lite 4GB128GB,6.6,720x1600,8,4,128,5000,3.4,639
Infinix,Note 7 6GB128GB,6.95,720x1640,16,6,128,5000,3.5,14279
Infinix,S5 Pro 4GB64GB,6.53,1080x2340,16,4,64,4000,4.4,2430
Infinix,Smart 4 2GB32GB,6.6,720x1600,5,2,32,4000,3.3,7140
Infinix,S5 Lite 4GB64GB,6.6,720x1600,16,4,64,4000,3.9,10064
Infinix,S5 4GB64GB,6.6,720x1600,32,4,64,4000,3.4,11084
Infinix,S5 6GB128GB,6.6,720x1600,32,6,128,4000,3.2,13260
Infinix,Hot 8 Lite 2GB32GB,6.52,720x1600,8,2,32,5000,2.2,7480
Infinix,Hot 8 2GB32GB,6.52,720x1600,8,2,32,5000,3.7,8160
Infinix,Smart 3 1GB16GB,5.5,720x1440,8,1,16,3050,4,5916
Infinix,Hot 8 4GB64GB,6.52,720x1600,8,4,64,5000,3.3,6113
Infinix,Note 6,6.01,1080x2160,16,4,64,4000,4.8,12920
Hotwav,Cosmos V17,5,720x1280,5,2,16,3500,3,2430
Hotwav,Cosmos V19 Plus,5.5,720x1280,5,3,32,3500,3.6,8833
Hotwav,Cosmos V23,4.7,720x1280,8,3,32,3000,3.5,5440
LG,Velvet 8GB128GB,6.8,1080x2460,16,8,128,4300,3.4,408
LG,Velvet 6GB128GB,6.8,1080x2460,16,6,128,4300,5,408
LG,Stylo 6 3GB64GB,6.8,1080x2460,13,3,64,4000,4,408
LG,Q61 4GB64GB,6.53,1080x2340,16,4,64,4000,5,408
LG,W30 Pro,6.21,720x1520,16,4,64,4000,4.5,1359
LG,W30,6.26,720x1520,16,3,32,4000,4,8833
LG,W10,6.19,720x1512,8,3,32,4000,3.7,611
LG,V50 ThinQ 5G,6.4,1440x3120,8,6,128,4000,3.5,47599
LG,G8 ThinQ,6.1,1440x3120,8,6,128,3500,3.8,40119
LG,G5 64GB,5.3,1440x2560,8,4,64,2800,4,809
LG,G6 Plus,5.7,1440x2880,5,4,128,3300,2.8,809
LG,Q6 Plus,5.5,1080x2160,5,4,64,3000,4.7,809
LG,Nexus 5X 32 GB,5.2,1080x1920,5,2,32,2700,4,30599
LG,Nexus 5X 16 GB,5.2,1080x1920,5,2,16,2700,3,441
LG,G6 128 GB,5.7,1440x2880,5,4,128,3300,2.3,809
LG,G6 64 GB,5.7,1440x2880,5,4,64,3300,4,4283
LG,G6 32 GB,5.7,1440x2880,5,4,32,3300,3.8,33999
LG,G5 SE,5.3,1440x2560,8,3,32,2800,3,4283
LG,G5,5.3,1440x2560,8,4,32,2800,5,685
LG,G4,5.5,1440x2560,8,3,32,3000,3.6,639
LG,G3 32 GB,5.5,1440x2560,2.1,3,32,3000,3.5,38079
LG,G3 16 GB,5.5,1440x2560,2.1,2,16,3000,3,809
LG,G2 Mini,4.7,540x960,1.3,1,8,2440,3.7,10200
LG,V30 Plus,6,1440x2880,5,4,128,3300,4.6,60520
LG,V30 64 GB,6,1440x2880,5,4,64,3300,4.5,639
LG,V20 64 GB,5.7,1440x2560,5,4,64,3200,4.1,38079
LG,V20 32 GB,5.7,1440x2560,5,4,32,3200,5,8839
LG,V10 64 GB,5.7,1440x2560,5,4,64,3000,4.7,23120
LG,V10 32 GB,5.7,1440x2560,5,4,32,3000,4,21760
Samsung,Galaxy On6 32GB,5.6,720x1480,8,3,32,3000,4,20399
Samsung,Galaxy J7 Duo 2018,5.5,720x1280,8,4,32,3000,3.6,2677
Samsung,Galaxy J5 Pro 2017,5.2,720x1280,13,3,32,3000,4.3,782
Samsung,Galaxy S9 Plus 128GB,6.2,1440x2960,8,6,128,3500,3.6,782
Samsung,Galaxy J3 2018,5,720x1280,5,2,16,2600,3,782
Samsung,Galaxy A8 Star,6.3,1080x2220,24,4,64,3700,4,6935
Samsung,Galaxy J8,6,720x1480,16,4,64,3500,3.6,19040
Samsung,Galaxy J6,5.6,720x1480,8,3,32,3000,3.9,407
Samsung,Galaxy J4,5.5,720x1280,5,2,16,3000,4,407
Samsung,Galaxy J7 Prime 32GB,5.5,1080x1920,8,3,32,3300,3.8,797
Samsung,Galaxy J7 Pro 64GB,5.5,1080x1920,13,3,64,3600,3.4,797
Samsung,Galaxy A6 Plus 2018 32GB,6,1080x2220,24,3,32,3500,4,407
Samsung,Galaxy A6 2018 32GB,5.6,720x1480,16,3,32,3000,3.4,407
Samsung,Galaxy A8 2018 64GB,5.6,1080x2220,16,4,64,3000,4.2,10852
Samsung,Galaxy A8 Plus 2018 64GB,6,1080x2220,16,4,64,3500,4.4,10852
Samsung,Galaxy S9 Plus,6.2,1440x2960,8,6,64,3500,3.7,36039
Samsung,Galaxy S9,5.8,1440x2960,8,4,64,3000,3.6,782
Samsung,Galaxy Grand Prime Pro,5,540x960,5,1.5,16,2600,2.2,782
Samsung,Galaxy Grand Prime Plus,5,540x960,5,1.5,8,2600,3.5,339
Samsung,Galaxy A7 2017,5.7,1080x1920,16,3,32,3600,3.7,475
Samsung,Galaxy A5 2017 32GB,5.2,1080x1920,16,3,32,3000,2,17278
Samsung,Galaxy A3 2017,4.7,720x1280,8,2,16,2350,4.2,17278
Samsung,Galaxy A8 Plus 2018 32GB,6,1080x2220,16,4,32,3500,3.9,17278
Samsung,Galaxy A8 2018 32GB,5.6,1080x2220,16,4,32,3000,4.4,505
Samsung,Galaxy C8,5.5,1080x1920,16,3,32,3000,3.3,339
Samsung,Galaxy J3 Pro,5,720x1280,5,2,16,2600,3,339
Samsung,Galaxy J7 2017,5.5,1080x1920,13,3,16,3600,3,407
Samsung,Galaxy J7 Max,5.7,1080x1920,13,4,32,3300,4,35901
Samsung,Galaxy J7 Pro,5.5,1080x1920,13,3,32,3600,4.4,18359
Samsung,Galaxy J7 Core,5.5,720x1280,5,3,16,3000,2.9,16319
Samsung,Galaxy A30 32GB,6.4,1080x2340,16,3,32,4000,3.5,19039
Samsung,Galaxy S10 S10 Plus 1TB 12GB,6.4,1440x3040,10,12,-,4100,4,18359
Samsung,Galaxy S10 S10 Plus 512GB 8GB,6.4,1440x3040,10,8,512,4100,4.5,652
Samsung,Galaxy S10e 256GB 8GB,5.8,1080x2280,10,8,256,3100,4,20808
Samsung,Galaxy S10 512GB 8GB,6.1,1440x3040,10,8,512,3400,3.3,22983
Samsung,Galaxy Fold,7.3,1536x2152,10,12,512,4380,3.2,105399
Samsung,Galaxy S10 5G,6.7,1440x3040,10,8,256,4500,4.6,339
Samsung,Galaxy S10 S10 Plus 128GB 8GB,6.4,1440x3040,10,8,128,4100,4.1,41819
Samsung,Galaxy S10e 128GB 6GB,5.8,1080x2280,10,6,128,3100,3.5,32979
Samsung,Galaxy S10 128GB 8GB,6.1,1440x3040,10,8,128,3400,3.8,38419
Samsung,Galaxy J6 Plus 64GB,6,720x1480,8,4,64,3300,3.6,35359
Samsung,Galaxy M20 32GB,6.3,1080x2340,8,3,32,5000,4.1,11559
Samsung,Galaxy M10 16GB,6.22,720x1520,5,2,16,3400,3.2,10200
Samsung,Galaxy A8s 128GB 6GB,6.4,1080x2340,24,6,128,3400,4.3,35359
Samsung,Galaxy A9 2018 128GB 6GB,6.3,1080x2220,24,6,128,3800,4,19720
Samsung,Galaxy S9 128GB,5.8,1440x2960,8,4,128,3000,4.5,41344
Samsung,Galaxy A7 2018 128GB,6,1080x2220,24,4,128,3300,4.5,1046
Samsung,Galaxy J4 Core,6,720x1480,5,1,16,3300,3,22983
Samsung,Galaxy A6s 64GB,6,1080x2160,12,6,64,3300,4,408
Samsung,Galaxy J4 32GB,5.5,720x1280,5,2,32,3000,3.2,408
Samsung,Galaxy J2 Core 2018,5,540x960,5,1,8,2600,4.7,1046
Samsung,Galaxy J8 32GB,6,720x1480,16,3,32,3500,4,1880
Samsung,Galaxy Note 9 512GB,6.4,1440x2960,8,8,512,4000,3.7,1606
Samsung,Galaxy J4 Plus 32GB SMJ415FDS,6,720x1480,5,2,32,3300,3.5,1606
Samsung,Galaxy J6 Plus 32GB SMJ610FDS,6,720x1480,8,3,32,3300,3.3,611
Samsung,Galaxy J4 Plus 16GB,6,720x1480,5,2,16,3300,4.7,339
Samsung,Galaxy A7 2018 64GB,6,1080x2220,24,4,64,3300,3.3,19719
Samsung,Galaxy A6 2018 64GB,5.6,720x1480,16,4,64,3000,3.3,9503
Samsung,Galaxy A6 Plus 2018 64GB,6,1080x2220,24,4,64,3500,3.7,659
Samsung,Galaxy Note 9 128GB,6.4,1440x2960,8,6,128,4000,3.9,659
Huawei,Y6s 3GB32GB,6.09,720x1560,8,3,32,3020,4.7,9180
Huawei,Nova 5T 8GB128GB,6.26,1080x2340,32,8,128,3750,3.4,22780
Huawei,Nova 5T 6GB128GB,6.26,1080x2340,32,6,128,3750,5,19719
Huawei,Nova 6 8GB128GB,6.57,1080x2400,32,8,128,4100,3,19719
Huawei,Honor V30 Pro 8GB256GB,6.57,1080x2400,32,8,256,4100,3.8,522
Huawei,Honor V30 Pro 8GB128GB,6.57,1080x2400,32,8,128,4100,5,407
Huawei,Honor V30 8GB128GB,6.57,1080x2400,32,8,128,4200,5,407
Huawei,Honor V30 6GB128GB,6.57,1080x2400,32,6,128,4200,5,13599
Huawei,Y9s 6GB128GB,6.59,1080x2340,16,6,128,4000,3.4,17339
Huawei,P30 Lite 6GB128GB,6.15,1080x2312,24,6,128,3340,3.4,16660
Huawei,Mate 30 Pro 5G 8GB256GB,6.52,1176x2400,32,8,256,4500,4,271
Huawei,Mate 30 Pro 5G 8GB128GB,6.52,1176x2400,32,8,128,4500,3,890
Huawei,Mate 30 Pro 8GB256GB,6.52,1176x2400,32,8,256,4500,5,48280
Huawei,Mate 30 Pro 8GB128GB,6.52,1176x2400,32,8,128,4500,5,6562
Huawei,Mate 30 5G 8GB128GB,6.62,1080x2340,24,8,128,4200,3.8,360
Huawei,Mate 30 5G 6GB128GB,6.62,1080x2340,24,6,128,4200,4,795
Huawei,Mate 30 8GB128GB,6.62,1080x2340,24,8,128,4200,3,407
Huawei,Mate 30 6GB128GB,6.62,1080x2340,24,6,128,4200,4,407
Huawei,Nova 5i Pro 8GB256GB,6.26,1080x2340,32,8,256,4000,5,801
Huawei,Nova 5i Pro 8GB128GB,6.26,1080x2340,32,8,128,4000,5,13599
Huawei,Nova 5i Pro 6GB128GB,6.26,1080x2340,32,6,128,4000,5,4624
Huawei,9X Pro 8GB256GB,6.59,1080x2340,16,8,256,4000,2.5,4624
Huawei,9X Pro 8GB128GB,6.59,1080x2340,16,8,128,4000,4.5,4624
Huawei,9X 6GB128GB,6.59,1080x2340,16,6,128,4000,5,986
Huawei,9X 6GB64GB,6.59,1080x2340,16,6,64,4000,4.5,11355
Huawei,9X 4GB64GB,6.59,1080x2340,16,4,64,4000,3,9519
Huawei,P Smart Z,6.59,1080x2340,16,4,64,4000,2.5,7479
Huawei,Nova 5i 8GB128GB,6.4,1080x2310,24,8,128,4000,3.4,11559
Huawei,Nova 5i 6GB128GB,6.4,1080x2310,24,6,128,4000,5,7479
Huawei,Nova 5 Pro 8GB256GB,6.39,1080x2340,32,8,256,3500,4.5,1489
Xiaomi,Mi 8 Lite 4GB64GB,6.26,1080x2280,24,4,64,3350,4,14619
Xiaomi,Mi 9T 6GB128GB,6.39,1080x2340,20,6,128,4000,4.6,27879
Xiaomi,Redmi Note 6 Pro 4GB64GB,6.26,1080x2280,20,4,64,4000,4,13260
Xiaomi,Redmi Note 5 4GB64GB,5.99,1080x2160,5,4,64,4000,4,8771
Xiaomi,Mi 9T 6GB64GB,6.39,1080x2340,20,6,64,4000,4,23800
Xiaomi,Mi A2 Lite 4GB64GB,5.84,1080x2280,5,4,64,4000,5,12579
Xiaomi,Mi A2 6GB128GB,5.99,1080x2160,20,6,128,3000,2.5,17000
Xiaomi,Mi A2 4GB64GB,5.99,1080x2160,20,4,64,3000,3,12240
Xiaomi,Redmi 6 3GB32GB,5.45,720x1440,5,3,32,3000,5,649
Xiaomi,Redmi 6A 2GB32GB,5.45,720x1440,5,2,32,3000,5,14823
Xiaomi,Redmi 5 3GB32GB,5.7,720x1440,5,3,32,3300,5,25840
Xiaomi,Redmi 7 16GB,6.26,720x1520,8,2,16,4000,4,2751
Xiaomi,Redmi Y3 32GB,6.26,720x1520,32,3,32,4000,4.1,782
Xiaomi,Redmi Note 7 64GB,6.3,1080x2340,13,4,64,4000,3,13259
Xiaomi,Redmi Note 7 Pro 64GB,6.3,1080x2340,13,4,64,4000,4.2,3059
Xiaomi,Mi Mix 3 5G 64GB 6GB,6.39,1080x2340,24,6,64,3800,4,3059
Xiaomi,Redmi Go,5,720x1280,5,1,8,3000,3.3,2751
Xiaomi,Redmi Note 7 32GB,6.3,1080x2340,13,3,32,4000,4.8,475
Xiaomi,Mi Play,5.84,1080x2280,8,4,64,3000,4,8771
Xiaomi,Mi Mix 3 6GB 128GB,6.39,1080x2340,24,6,128,3200,4.7,29580
Xiaomi,Mi A2 Lite 32GB,5.84,1080x2280,5,3,32,4000,4.5,11968
Xiaomi,Mi A2 32GB,5.99,1080x2160,20,4,32,3000,4,367
Xiaomi,Pocophone F1 128GB,6.18,1080x2246,20,6,128,4000,4.5,23800
Xiaomi,Pocophone F1 64GB,6.18,1080x2246,20,6,64,4000,3,3059
Xiaomi,Redmi 6A 16GB,5.45,720x1440,5,2,16,3000,3,7480
Xiaomi,Mi Max 2 64GB,6.44,1080x1920,5,4,64,5300,4.5,21760
Xiaomi,Redmi Note 4 64GB,5.5,1080x1920,5,4,64,4100,2.8,14960
Xiaomi,Redmi Note 4 32GB,5.5,1080x1920,5,3,32,4100,3,13600
Xiaomi,Redmi Note 5A Prime 32GB,5.5,720x1280,16,3,32,3080,4.4,12240
Xiaomi,Redmi 4X 32GB,5,720x1280,5,3,32,4100,4.3,11560
Realme,C17 6GB128GB,6.5,720x1600,8,6,128,5000,5,20980
Realme,7i 8GB128GB,6.5,720x1600,16,8,128,5000,5,20980
Realme,6 8GB128GB,6.5,1080x2400,16,8,128,4300,5,19719
Realme,C3 3GB64GB,6.5,720x1560,5,3,64,5000,5,9859
Realme,7 Pro 8GB128GB,6.4,1080x2400,32,8,128,4500,5,3059
Realme,7 Pro 6GB128GB,6.4,1080x2400,32,6,128,4500,5,20094
Realme,7 8GB128GB,6.5,1080x2400,16,8,128,5000,5,837
Realme,7 6GB64GB,6.5,1080x2400,16,6,64,5000,5,815
Realme,X7 Pro 8GB128GB,6.55,1080x2400,32,8,128,4500,5,271
Realme,X7 Pro 6GB128GB,6.55,1080x2400,32,6,128,4500,5,580
Realme,X7 8GB128GB,6.4,1080x2400,32,8,128,4300,5,1770
Realme,X7 6GB128GB,6.4,1080x2400,32,6,128,4300,5,580
Realme,V3 6GB128GB,6.5,720x1600,8,6,128,5000,5,8839
Realme,V3 6GB64GB,6.5,720x1600,8,6,64,5000,5,339
Realme,6 4GB128GB,6.5,1080x2400,16,4,128,4300,5,8839
Realme,6 4GB64GB,6.5,1080x2400,16,4,64,4300,5,890
Realme,C12 3GB32GB,6.5,720x1560,5,3,32,6000,4,8839
Realme,V5 5G 8GB128GB,6.5,1080x2400,16,8,128,5000,5,1026
Realme,V5 5G 6GB128GB,6.5,1080x2400,16,6,128,5000,5,8839
Realme,C15 4GB64GB,6.5,720x1560,8,4,64,6000,4,8839
Realme,C15 3GB64GB,6.5,720x1560,8,3,32,6000,5,8839
Realme,5s 4GB128GB,6.5,720x1600,13,4,128,5000,4,3400
Realme,5s 4GB64GB,6.5,720x1600,13,4,64,5000,5,271
Realme,5i 4GB64GB,6.52,720x1600,8,4,64,5000,3,782
Realme,5i 3GB32GB,6.52,720x1600,8,3,32,5000,3,782
Realme,C11 2GB32GB,6.5,720x1560,5,2,32,5000,3.3,7139
Realme,Narzo 4GB128GB,6.5,1080x2400,16,4,128,4300,4.5,15300
Realme,C3i 2GB32GB,6.5,720x1600,5,2,32,5000,5,339
Realme,X3 8GB128GB,6.6,1080x2400,16,8,128,4200,4,339
Realme,X3 6GB128GB,6.6,1080x2400,16,6,128,4200,5,782
HTC,Desire 10 Pro,5.5,1080x1920,13,4,64,3000,4.1,12376
HTC,U11 128 GB,5.5,1440x2560,16,6,128,3000,4.3,360
HTC,U11 64 GB,5.5,1440x2560,16,4,64,3000,5,360
HTC,One ME,5.2,1440x2560,4,3,32,2840,4,360
HTC,One S9,5,1080x1920,4,2,16,2840,4,360
HTC,One X9,5.5,1080x1920,5,3,32,3000,4.5,15300
HTC,U Ultra 128 GB,5.7,1440x2560,16,4,128,3000,4.5,16320
HTC,U Ultra 64 GB,5.7,1440x2560,16,4,64,3000,3.8,15300
HTC,U Play 64 GB,5.2,1080x1920,16,4,64,2500,4.2,10540
HTC,U Play 32 GB,5.2,1080x1920,16,3,32,2500,2.5,727
Huawei,G8 32 GB,5.5,1080x1920,5,3,32,3000,3.9,727
Huawei,G8 16 GB,5.5,1080x1920,5,2,16,3000,3.3,901
Huawei,P9 Lite 3 GB RAM,5.2,1080x1920,8,3,16,3000,3,11900
Huawei,P9 Lite 2 GB RAM,5.2,1080x1920,8,2,16,3000,3.5,9179
Huawei,P9 64 GB,5.2,1080x1920,8,4,64,3000,2.5,9179
Huawei,P9 32 GB,5.2,1080x1920,8,3,32,3000,3.1,6799
Huawei,P8 Lite,5,720x1280,5,2,16,2200,3.3,522
Huawei,P8 32 GB,5.2,1080x1920,8,3,32,2680,4,522
Huawei,P8 16 GB,5.2,1080x1920,8,3,16,2680,3.4,468
Huawei,GR5 2017 64 GB,5.5,1080x1920,8,4,64,3340,3,468
Huawei,GR5 2017 32 GB,5.5,1080x1920,8,3,32,3340,3.8,271
Huawei,GR5,5.5,1080x1920,5,2,16,3000,2.9,271
Huawei,GR3 2017 64 GB,5.2,1080x1920,8,4,64,3000,4.5,271
Huawei,GR3 2017 16 GB,5.2,1080x1920,8,3,16,3000,3.6,271
Huawei,GR3,5,720x1280,5,2,16,2200,4,16319
Huawei,Y6 Pro,5,720x1280,5,2,16,4000,3.7,16319
Huawei,Y6 II,5.5,720x1280,8,2,16,3000,3,10199
Huawei,Y5 II 4G,5,720x1280,2,1,8,2200,2,10199
Huawei,Y5 II 3G,5,720x1280,2,1,8,2200,3,775
Huawei,Y3 II 4G,4.5,480x854,2,1,8,2100,3.8,775
Huawei,Y3 II 3G,4.5,480x854,2,1,8,2100,3.5,5100
Huawei,Y9 2018 32GB,5.93,1080x2160,13,3,32,4000,4,13939
Huawei,Y9 2019 64GB,6.5,1080x2340,13,4,64,4000,4,13259
Huawei,Mate 20X,7.2,1080x2244,24,6,128,5000,4.3,14959
Huawei,Mate 20 Pro 128GB,6.39,1440x3120,24,6,128,4200,4.1,727
Huawei,Mate 20 128GB 4GB,6.53,1080x2244,24,4,128,4000,4.5,34000
Huawei,Honor 8X Max 64GB,7.12,1080x2244,8,4,64,5000,4.5,6799
Huawei,Honor 8X 64GB,6.5,1080x2340,16,4,64,3750,3.8,204
Huawei,Honor 7A,5.7,720x1440,8,2,16,3000,1.9,204
Huawei,Honor 7C,5.99,720x1440,8,3,32,3000,3.2,546
Huawei,Mate 20 Lite,6.3,1080x2340,24,6,64,3750,4.1,546
Huawei,Honor Note 10 64GB,6.95,1080x2220,13,6,64,5000,4,20399
Huawei,Y6 Prime 2018,5.7,720x1440,5,2,16,3000,3.8,8363
Huawei,P smart 32GB,5.65,1080x2160,8,3,32,3000,3.4,11220
Huawei,Honor 7X 64GB,5.93,1080x2160,8,4,64,3340,5,1285
Huawei,Y3 2018,5,480x854,2,1,8,2280,4,6800
Huawei,Y5 Prime 2018,5.45,720x1440,5,2,16,3020,2.8,6800
Huawei,Honor 7s,5.45,720x1440,5,2,16,3020,4.1,8363
Huawei,Y7 Pro 2018,5.99,720x1440,8,3,32,3000,4.8,8363
Huawei,Y7 Prime 2018,5.99,720x1440,8,3,32,3000,3.5,10880
Huawei,Mate RS Porsche Design,6,1440x2880,24,6,256,4000,4.9,8363
Huawei,P20 Pro,6.1,1080x2244,24,6,128,4000,4.2,38760
Huawei,P20,5.8,1080x2244,24,4,128,3400,4.2,8159
Huawei,P20 Lite,5.84,1080x2280,16,4,64,3000,3.8,11220
Huawei,Honor 9 128GB,5.15,1080x1920,8,6,128,3200,3,19040
Huawei,Honor 9 Lite 32GB,5.65,1080x2160,13,3,32,3000,3.9,20399
Huawei,Mate 10 Pro 128GB,6,1080x2160,8,6,128,4000,4.2,20740
Huawei,Honor 9 64GB,5.15,1080x1920,8,4,64,3200,4.3,13260
Huawei,Honor V10,5.99,1080x2160,13,4,64,3750,4.3,544
Huawei,Nova 2 Plus,5.5,1080x1920,20,4,64,3340,3,8363
Huawei,Honor V9 Play,5.2,720x1280,8,3,32,3000,4.5,543
Motorola,Razr 5G 8GB256GB,6.2,876x2142,20,8,256,2800,5,543
Motorola,One Vision 4GB128GB,6.3,1080x2520,25,4,128,3500,3.8,8363
Motorola,Moto Z4 4GB128GB,6.4,1080x2340,25,4,128,3600,5,543
Motorola,Moto G7 Play,5.7,720x1512,8,2,32,3000,4,12239
Motorola,Moto G7 Power 32GB,6.2,720x1570,8,3,32,5000,3.5,8363
Motorola,Moto G7 Plus,6.2,1080x2270,8,4,64,3000,4.1,540
Motorola,Moto G7,6.2,1080x2270,8,4,64,3000,4.7,8363
Motorola,P30 64GB,6.2,1080x2246,12,6,64,3000,4.7,7751
Motorola,Moto Z,5.5,1440x2560,5,4,64,2600,3,15786
Motorola,Moto E4 Plus,5.5,720x1280,5,3,32,5000,4,13464
Motorola,Moto G4,5.5,1080x1920,5,2,16,3000,3,540
Motorola,Moto G5 16GB,5,1080x1920,5,2,16,2800,3.8,20399
Motorola,Moto X4,5.2,1080x1920,16,3,32,3000,3,8833
Motorola,Moto C Plus 2 GB RAM,5,720x1280,2,2,16,4000,2,639
Motorola,Moto C Plus 1 GB RAM,5,720x1280,2,1,16,4000,3,544
Motorola,Moto C 4G,5,480x854,2,1,16,2350,1.5,499
Motorola,Moto C 3G,5,480x854,2,1,8,2350,2,298
Energizer,Hardcase H280S,2.8,240x320,0.3,512MB,4,2000,5,612
Energizer,Hardcase H10,1.8,128x160,0.3,32MB,0.064,1000,5,3740
Energizer,Energy E12,1.8,128x160,0.3,32MB,0.032,1000,5,1019
Google,Pixel 4a 6GB128GB,5.81,1080x2340,8,6,128,3140,5,408
Google,Pixel 4 XL 6GB128GB,6.3,1440x3040,8,6,128,3700,2.3,72760
Google,Pixel 4 XL 6GB64GB,6.3,1440x3040,8,6,64,3700,5,78879
Google,Pixel 4 6GB128GB,5.7,1080x2280,8,6,128,2800,3.7,73439
Google,Pixel 4 6GB64GB,5.7,1080x2280,8,6,64,2800,5,71399
Google,Pixel 3a XL 4GB64GB,6,1080x2160,8,4,64,3700,5,2692
Google,Pixel 3a 4GB64GB,5.6,1080x2220,8,4,64,3000,5,20053
Google,Pixel 3 XL 64GB,6.3,1440x2960,8,4,64,3430,3,1693
Google,Pixel 3 64GB,5.5,1080x2160,8,4,64,2915,3,16864
Google,Pixel 2 XL 128GB,6,1440x2880,8,4,128,3520,4.8,1421
Google,Pixel 2 XL 64GB,6,1440x2880,8,4,64,3520,4.4,11492
Google,Pixel 2 128GB,5,1080x1920,8,4,128,2700,4.3,49639
Google,Pixel 2 64GB,5,1080x1920,8,4,64,2700,2.9,25839
Google,Pixel XL 128 GB,5.5,1440x2560,8,4,128,3450,4,407
Google,Pixel XL 32 GB,5.5,1440x2560,8,4,32,3450,4.7,24887
Google,Pixel 128 GB,5,1080x1920,8,4,128,2770,4,14823
Google,Pixel 32 GB,5,1080x1920,8,4,32,2770,4.3,14823
Xiaomi,Poco X3 NFC 6GB64GB,6.67,1080x2400,20,6,64,5160,4,649
Xiaomi,Redmi K30 Ultra 8GB128GB,6.67,1080x2400,20,8,128,4500,5,649
Xiaomi,Redmi K30 Ultra 6GB128GB,6.67,1080x2400,20,6,128,4500,5,3674
Xiaomi,Mi 10 Ultra 8GB256GB,6.67,1080x2340,20,8,256,4500,4.4,3059
Xiaomi,Mi 10 Ultra 8GB128GB,6.67,1080x2340,20,8,128,4500,5,6935
Xiaomi,Redmi 9 Prime 4GB128GB,6.53,1080x2340,8,4,128,5020,5,20399
Xiaomi,Redmi 9 Prime 4GB64GB,6.53,1080x2340,8,4,64,5020,4,3059
Xiaomi,Redmi 9C 3GB64GB,6.53,720x1600,5,3,64,5000,5,10199
Xiaomi,Redmi 9C 2GB32GB,6.53,720x1600,5,2,32,5000,5,53039
Xiaomi,Redmi 9A 2GB32GB,6.53,720x1600,5,2,32,5000,2.5,7479
Xiaomi,Poco M2 Pro 6GB64GB,6.67,1080x2400,16,6,64,5000,5,8771
Xiaomi,Poco M2 Pro 4GB64GB,6.67,1080x2400,16,4,64,5000,4,25840
Xiaomi,Redmi Note 9 Pro Max 6GB128GB,6.67,1080x2400,32,6,128,5020,3.7,680
Xiaomi,Redmi Note 9 Pro Max 6GB64GB,6.67,1080x2400,32,6,64,5020,5,23120
Xiaomi,Redmi 10X 5G 6GB128GB,6.57,1080x2400,16,6,128,4520,5,10199
Xiaomi,Redmi 10X 5G 6GB64GB,6.57,1080x2400,16,6,64,4520,5,10199
Xiaomi,Redmi 10X 4G 6GB128GB,6.53,1080x2340,13,6,128,5020,5,20399
Xiaomi,Redmi 10X 4G 4GB128GB,6.53,1080x2340,13,4,128,5020,5,6935
Xiaomi,Redmi Note 9 Pro 6GB128GB,6.67,1080x2400,16,6,128,5020,3.9,19040
Xiaomi,Redmi Note 9 Pro 6GB64GB,6.67,1080x2400,16,6,64,5020,3.3,19040
Xiaomi,Redmi 9 4GB64GB,6.53,1080x2340,8,4,64,5020,5,15979
Xiaomi,Redmi 9 3GB32GB,6.53,1080x2340,8,3,32,5020,3.3,25840
Xiaomi,Poco F2 Pro 8GB256GB,6.67,1080x2400,20,8,256,4700,5,8907
Xiaomi,Poco F2 Pro 6GB128GB,6.67,1080x2400,20,6,128,4700,5,8907
Xiaomi,Redmi Note 9 4GB128GB,6.53,1080x2340,13,4,128,5020,3.8,13803
Xiaomi,Redmi Note 9 3GB64GB,6.53,1080x2340,13,3,64,5020,4.5,6018
Xiaomi,Redmi Note 9S 6GB128GB,6.67,1080x2400,16,6,128,5020,4.3,16660
Xiaomi,Redmi Note 9S 4GB64GB,6.67,1080x2400,16,4,64,5020,4.5,15096
Xiaomi,Mi 10 Youth 5G 8GB256GB,6.57,1080x2400,16,8,256,4160,5,8159
Xiaomi,Mi 10 Youth 5G 8GB128GB,6.57,1080x2400,16,8,128,4160,3,14279
Microsoft,Surface Duo 6GB256GB,8.1,1800x2700,11,6,256,3577,5,10199
Microsoft,Surface Duo 6GB128GB,8.1,1800x2700,11,6,128,3577,5,10062
Infinix,Smart 3 Plus 32GB 2GB,6.2,720x1520,8,2,32,3500,3.2,8159
Infinix,Hot 7 Pro 32GB 2GB,6.2,720x1440,13,2,32,4000,4.8,8295
Infinix,S4 64GB,6.2,720x1520,32,6,64,4000,3.2,12920
Infinix,S4 32GB,6.2,720x1520,32,3,32,4000,4.3,9180
Infinix,Hot 7 16GB,6.2,720x1500,8,1,16,4000,4,20383
Infinix,Hot 7 32GB,6.2,720x1500,8,2,32,4000,3.9,7820
Infinix,Zero 6 Pro,6.18,1080x2160,20,6,128,3570,3.9,21079
Infinix,Zero 6,6.18,1080x2160,20,6,64,3570,4.7,7466
Infinix,Hot 6,6,720x1440,8,2,16,4000,3.3,9030
Infinix,Smart 2 Pro 16GB,5.5,720x1440,8,2,16,3050,3.5,6936
Infinix,Note 5 Stylus 32GB,6,1080x2160,16,4,32,4000,4.7,10200
Infinix,Hot 6X 32GB,6.2,720x1500,8,3,32,4000,3,10200
Infinix,Hot 6X,6.2,720x1500,8,2,16,4000,3.3,9180
Infinix,Hot S3X,6.2,720x1500,16,3,32,4000,3.3,12104
Infinix,Smart 2 16GB,5.5,720x1440,8,2,16,3050,3.2,6528
Infinix,Note 5 32GB,6,1080x1920,16,3,32,4500,3.9,10880
Infinix,Hot 6 Pro 16GB,6,720x1440,5,2,16,4000,4.6,9384
Infinix,Hot 6 Pro,6,720x1440,5,3,32,4000,3.9,4894
Infinix,Hot S3,5.65,720x1440,20,3,32,4000,4.5,10200
Infinix,Zero 5 Pro,5.98,1080x1920,16,6,128,4350,4.1,2039
Infinix,Zero 5,5.98,1080x1920,16,6,64,4350,4.3,2039
Infinix,Zero 3,5.5,1080x1920,5,3,16,3030,3.7,1660
Infinix,Hot 3 LTE,5.5,720x1280,5,2,16,3000,4.3,3875
Infinix,Hot S,5.2,720x1280,8,2,16,3000,4,1168
Infinix,S2 Pro,5.2,720x1280,13,3,32,3000,3.7,3875
Infinix,S2,5.2,720x1280,13,2,16,3000,4,816
Infinix,Hot 4 Pro,5.5,720x1280,5,2,16,4000,3.7,3875
Infinix,Hot 4 Lite,5.5,720x1280,5,1,16,4000,3.7,3875
Infinix,Hot 4,5.5,720x1280,5,2,16,4000,3.3,3875
Infinix,Note 3 Pro,6,1080x1920,5,2,16,4500,4.3,3875
Infinix,Note 3,6,1080x1920,5,2,16,4500,3.8,17673
Infinix,Smart,5,720x1280,2,1,16,3060,4.3,6052
Infinix,Hot 5 Lite,5.5,720x1280,5,1,16,4000,3.7,3875
Infinix,Hot 5,5.5,720x1280,5,2,16,4000,3.3,339
Infinix,Note 4 Pro,5.7,1080x1920,8,3,32,4500,4,6799
Infinix,Note 4 32 GB,5.7,1080x1920,8,3,32,4300,3.6,6832
Infinix,Note 4 16 GB,5.7,1080x1920,8,2,16,4300,4,8500
Infinix,Zero 4 Plus,6,1080x1920,13,4,64,4000,3.5,6832
Infinix,Zero 4,5.5,1080x1920,8,3,32,3200,3.1,6834
Samsung,Galaxy J5,5,720x1280,5,1.5,8,2600,3.2,6832
Samsung,Galaxy J5 2017 16GB,5.2,720x1280,13,2,16,3000,4.2,12172
Samsung,Galaxy J5 2016,5.2,720x1280,5,2,16,3100,3.8,6832
Samsung,Galaxy J5 Prime 16GB,5,720x1280,5,2,16,2400,3.4,9452
Samsung,Galaxy S7 32GB,5.1,1440x2560,5,4,32,3000,3.6,29376
Samsung,Galaxy J2 2017,4.7,540x960,2,1,8,2000,2.3,29376
Samsung,Galaxy J3 2017,5,720x1280,5,2,16,2400,3.1,6832
Samsung,Galaxy J3 2016,5,720x1280,5,1.5,8,2600,2.8,8791
Samsung,Galaxy Grand Prime,5,540x960,5,1,8,2600,2.6,6799
Samsung,Galaxy J1 Ace,4.3,480x800,2,1,8,1900,2.9,203
Samsung,Galaxy J7 Neo,5.5,720x1280,5,2,16,3000,2.9,6832
Samsung,Galaxy C9 Pro,6,1080x1920,16,6,64,4000,3.8,6834
Samsung,Galaxy C7 Pro,5.7,1080x1920,16,4,64,3300,3,12239
Samsung,Galaxy C7 64 GB,5.7,1080x1920,8,4,64,3300,4.3,805
Samsung,Galaxy C7 32 GB,5.7,1080x1920,8,4,32,3300,3.8,6832
Samsung,Galaxy C5 Pro,5.2,1080x1920,16,4,64,2600,4.2,10608
Samsung,Galaxy C5 64 GB,5.2,1080x1920,8,4,64,2600,3,10608
Samsung,Galaxy C5 32 GB,5.2,1080x1920,8,4,32,2600,4,6832
Samsung,Galaxy S7 Edge 128 GB,5.5,1440x2560,5,4,128,3600,4,869
Samsung,Galaxy S7 Edge 64 GB,5.5,1440x2560,5,4,64,3600,4,869
Samsung,Galaxy S7 Edge 32 GB,5.5,1440x2560,5,4,32,3600,3.7,8791
Samsung,Galaxy S6 Edge Plus 64 GB,5.7,1440x2560,5,4,64,3000,2.6,6793
Samsung,Galaxy S6 Edge Plus 32 GB,5.7,1440x2560,5,4,32,3000,3.7,6832
Samsung,Galaxy Note 5 128 GB,5.7,1440x2560,5,4,128,3000,3.3,8791
Samsung,Galaxy Note 5 64 GB,5.7,1440x2560,5,4,64,3000,3.8,1210
Samsung,Galaxy Note 5 32 GB,5.7,1440x2560,5,4,32,3000,3.5,7480
Samsung,Galaxy Note 8 256 GB,6.3,1440x2960,8,6,256,3300,4.3,7207
Samsung,Galaxy Note 8 128 GB,6.3,1440x2960,8,6,128,3300,4.3,782
Samsung,Galaxy Note 8 64 GB,6.3,1440x2960,8,6,64,3300,3.7,782
Samsung,Galaxy S8 Plus 128 GB,6.2,1440x2960,8,6,128,3500,3.8,522
Huawei,Nova 5 Pro 8GB128GB,6.39,1080x2340,32,8,128,3500,3,543
Huawei,Nova 5 8GB128GB,6.39,1080x2340,32,8,128,3500,5,543
Huawei,Y9 Prime 2019 4GB128GB,6.59,1080x2340,16,4,128,4000,4,14279
Huawei,Y9 Prime 2019 4GB64GB,6.59,1080x2340,16,4,64,4000,4,12919
Huawei,P20 Lite 2019 4GB128GB,6.4,1080x2310,16,4,128,4000,5,360
Huawei,P20 Lite 2019 4GB64GB,6.4,1080x2310,16,4,64,4000,4.2,659
Huawei,Honor 20 Pro,6.26,1080x2340,32,8,256,4000,4.2,659
Huawei,Honor 20,6.26,1080x2340,32,6,128,3750,4.5,782
Huawei,Y5 2019 16GB,5.71,720x1520,5,2,16,3020,2.9,7479
Huawei,Nova 3i,6.3,1080x2340,24,4,128,3340,4.2,10879
Huawei,Honor 20i 128GB 4GB,6.21,1080x2340,32,4,128,3400,5,8363
Huawei,Honor 10i,6.21,1080x2340,32,4,128,3400,5,8363
Huawei,Y7 Prime 2019 64GB,6.26,720x1520,16,4,64,4000,3.8,10200
Huawei,P30 Lite,6.15,1080x2312,32,4,128,3340,3.8,16660
Huawei,P30 Pro 128GB 6GB,6.47,1080x2340,32,6,128,4200,3.8,468
Huawei,P30 128GB 6GB,6.1,1080x2340,32,6,128,3650,3.2,39100
Huawei,Y6 Prime 2019,6.09,720x1560,8,2,32,3020,3.7,8499
Huawei,Mate X,8,2200x2480,-,8,512,4500,3.7,30593
Huawei,Honor View 20 256GB 8GB,6.4,1080x2310,25,8,256,4000,5,28349
Huawei,Y6 Pro 2019,6.09,720x1560,8,3,32,3020,4.1,17340
Huawei,Honor 8X 128GB,6.5,1080x2340,16,4,128,3750,3.7,22099
Huawei,Y7 Prime 2019,6.26,720x1520,16,3,32,4000,3.4,10676
Huawei,Y7 Pro 2019,6.26,720x1520,16,3,32,4000,3.7,14177
Huawei,Honor View 20 128GB 6GB,6.4,1080x2310,25,6,128,4000,3.3,10261
Huawei,Nova 4,6.4,1080x2310,25,8,128,3750,3.5,29750
Huawei,Y5 Lite,5.45,720x1440,5,1,16,3020,2,5916
Huawei,P smart 2019,6.21,1080x2340,8,3,64,3400,4.7,21930
Huawei,Enjoy 9 32GB,6.26,720x1520,8,3,32,4000,2.5,29750
Huawei,Honor 10 64GB,5.84,1080x2280,24,4,64,3400,4,26785
Huawei,Honor 10 Lite 64GB,6.21,1080x2340,24,4,64,3400,4.5,16993
Tecno,Spark 6 Air 3GB32GB,7,720x1640,8,3,32,6000,4,339
Tecno,Spark 6 Air 2GB32GB,7,720x1640,8,2,32,6000,4.5,448
Tecno,Camon 16 Premier 8GB128GB,6.9,1080x2460,48,8,128,4500,5,448
Tecno,Spark Go 2020 2GB32GB,6.52,720x1600,8,2,32,5000,5,10199
Tecno,Pop 4 2GB32GB,6,480x960,8,2,32,5000,3.2,6459
Tecno,Pouvoir 4 Pro 6GB128GB,7,720x1640,16,6,128,6000,5,13260
Tecno,Pouvoir 4 Pro 4GB64GB,7,720x1640,16,4,64,6000,4,8833
Tecno,Spark 5 Pro 4GB64GB,6.6,720x1600,8,4,64,5000,4.7,612
Tecno,Pouvoir 4 3GB32GB,7,720x1640,16,3,32,6000,4,9995
Tecno,Pouvoir 4 6GB128GB,7,720x1640,16,6,128,6000,4.4,782
Tecno,Camon 15 Air 3GB64GB,6.6,720x1600,8,3,64,5000,2.7,10063
Tecno,Spark 5 Air 2GB32GB,7,720x1640,8,2,32,5000,2.3,8499
Tecno,Spark 5 2GB32GB,6.6,720x1600,8,2,32,5000,4.4,8839
Tecno,Camon 15 Premier 6GB128GB,6.6,1080x2340,32,6,128,4000,3.4,17339
Tecno,Camon 15 Pro,6.53,720x1548,32,6,128,4000,3,782
Tecno,Camon 15,6.55,720x1548,16,4,64,5000,3.8,10879
Tecno,Pop 2 Plus,6,480x960,8,1,16,5000,2.8,5440
Tecno,Spark 4 Air 2GB32GB,6.1,720x1560,5,2,32,3000,3.5,15639
Tecno,Spark 4 2GB32GB,6.52,720x1600,8,2,32,4000,3.1,7819
Tecno,Camon 12 Air 3GB32GB,6.55,720x1600,8,3,32,4000,2.3,9180
Tecno,Camon 12 Pro 6GB64GB,6.4,720x1548,32,6,64,3500,3.3,11559
Tecno,Camon 12 4GB64GB,6.52,720x1600,16,4,64,4000,2.9,10540
Tecno,Phantom 9,6.4,1080x2340,32,6,128,3500,3.6,15979
Tecno,Pouvoir 3 Air,6,960x480,8,1,16,5000,3.6,5984
Tecno,Pouvoir 3,6.2,1500x720,13,2,32,5000,3.2,8840
Tecno,Spark 3 Pro,6.2,720x1500,8,2,32,3500,3.3,8500
Tecno,Pouvoir 2 Air,6,1440x720,8,1,16,5000,3.8,6120
Tecno,Pop 2 Power,5.5,960x480,8,1,8,4000,2.8,5100
Tecno,Pop 2,5.5,960x480,8,1,8,2400,3.9,4420
Tecno,Camon 11 32GB,6.2,720x1500,16,3,32,3750,3.2,544
BlackBerry,Keyone Dual SIM 64GB,4.5,1080x1620,8,4,64,3500,3.5,544
BlackBerry,Key2 LE 32GB,4.5,1080x1620,8,4,32,3000,4.5,31620
BlackBerry,Key2 128GB,4.5,1080x1620,8,6,128,3500,4.5,46580
BlackBerry,Evolve X,5.99,1080x2160,16,6,64,4000,5,544
BlackBerry,Evolve,5.99,1080x2160,16,4,64,4000,3.9,339
BlackBerry,Key2 64GB,4.5,1080x1620,8,6,64,3500,3.1,39780
BlackBerry,Z10,4.2,768x1280,2,2,16,1800,4,843
BlackBerry,Keyone Black Edition,4.5,1080x1620,8,4,64,3505,3.7,843
BlackBerry,Motion,5.5,1080x1920,8,4,32,4000,4.5,11695
BlackBerry,Passport,4.5,1440x1440,2,3,32,3450,2,20399
BlackBerry,Priv,5.4,1440x2560,2,3,32,3410,4.1,1489
BlackBerry,Aurora,5.5,720x1280,8,4,32,3000,2.5,1142
BlackBerry,Keyone 64 GB,4.5,1080x1620,8,4,64,3505,4.2,1088
BlackBerry,Keyone 32 GB,4.5,1080x1620,8,3,32,3505,2.6,1904
BlackBerry,DTEK60,5.5,1440x2560,8,4,32,3000,4.7,13600
BlackBerry,DTEK50,5.2,1080x1920,8,3,16,2610,3.8,11220
Sony,Xperia L4 3GB64GB,6.2,720x1680,8,3,64,3580,4.3,1822
Sony,Xperia 5 6GB128GB,6.1,1080x2520,8,6,128,3140,3.3,1822
Sony,Xperia 1 64GB,6.5,1644x3840,8,6,64,3300,4.3,1822
Sony,Xperia 10 Plus,6.5,1080x2520,8,4,64,3000,4.7,1904
Sony,Xperia 10,6,1080x2520,8,3,64,2870,5,7479
Sony,Xperia L3,5.7,720x1570,8,3,32,3300,4.5,4351
Sony,Xperia XZ1,5.2,1080x1920,13,4,64,2700,4,3094
Sony,Xperia XA2 Plus,6,1080x2160,8,4,32,3580,4.7,244
Sony,Xperia XZ3,6,1440x2880,13,4,64,3300,4.4,1285
Sony,Xperia XZ 64GB,5.2,1080x1920,13,3,64,2900,4,18020
Sony,Xperia XZ2 Compact,5,1080x2160,5,4,64,2870,4,57
Sony,Xperia XZ2 Premium,5.8,3840x2160,13,6,64,3540,4.6,945
Sony,Xperia XZ2,5.7,1080x2160,5,4,64,3180,3.8,36380
Sony,Xperia X Performance,5,1080x1920,13,3,32,2700,3,397
Sony,Xperia XA1 Plus,5.5,1080x1920,8,4,32,3430,4.3,397
Sony,Xperia XA2 Ultra 32GB,6,1080x1920,16,4,32,3580,4.4,397
Sony,Xperia XA2,5.2,1080x1920,8,3,32,3300,4.3,1223
Sony,Xperia L2,5.5,720x1280,8,3,32,3300,3.5,13260
Sony,Xperia XZ Premium,5.46,3840x2160,13,4,64,3230,3.7,29580
Sony,Xperia R1 Plus,5.2,720x1280,8,3,32,2620,3,673
Sony,Xperia R1,5.2,720x1280,8,2,16,2620,2.5,673
Sony,Xperia XZs 64GB,5.2,1080x1920,13,4,64,2900,4,35020
Sony,Xperia XZs 32GB,5.2,1080x1920,13,4,32,2900,4,31280
Sony,Xperia XA Ultra,6,1080x1920,16,3,16,2700,3.3,17340
Sony,Xperia XA,5,720x1280,8,2,16,2300,2.6,8500
Vivo,Y11 2019 3GB32GB,6.35,720x1544,8,3,32,5000,4,10879
Vivo,Y19 8GB128GB,6.53,1080x2340,16,8,128,5000,2.7,19380
Apple,iPhone 6s Plus 64 GB,5.5,1080x1920,5,2,64,2750,4,20740
Apple,iPhone 6s Plus 32 GB,5.5,1080x1920,5,2,32,2750,4.5,21760
Apple,iPhone 6s Plus 16 GB,5.5,1080x1920,5,2,16,2750,3.3,22440
Apple,iPhone 6s 128 GB,4.7,750x1334,5,2,128,1715,3.5,16319
Apple,iPhone 6s 64 GB,4.7,750x1334,5,2,64,1715,2.9,15980
Apple,iPhone 6s 32 GB,4.7,750x1334,5,2,32,1715,3.5,17000
Apple,iPhone 6s 16 GB,4.7,750x1334,5,2,16,1715,2.6,15640
Apple,iPhone 7 Plus 256 GB,5.5,1080x1920,7,3,256,2900,3.6,29240
Apple,iPhone 7 Plus 128 GB,5.5,1080x1920,7,3,128,2900,3.9,27200
Apple,iPhone 7 Plus 32 GB,5.5,1080x1920,7,3,32,2900,3.5,25840
Apple,iPhone 7 256 GB,4.7,750x1334,7,2,256,1960,3,27200
Apple,iPhone 7 128 GB,4.7,750x1334,7,2,128,1960,3.5,21760
Apple,iPhone 7 32 GB,4.7,750x1334,7,2,32,1960,3.4,20060
Vivo,V17 Pro,6.44,1080x2400,32,8,128,4100,4.3,26179
Vivo,Y17 4GB128GB,6.35,720x1544,20,4,128,5000,4,15979
Vivo,Y15 4GB64GB,6.35,720x1544,16,4,64,5000,3.8,14619
Vivo,Y12 4GB64GB,6.35,720x1544,8,4,64,5000,3.3,12579
Huawei,Y8p 6GB128GB,6.3,1080x2400,16,6,128,4000,3.2,15979
Huawei,P40 lite 5G 6GB128GB,6.5,1080x2400,16,6,128,4000,3,18020
Huawei,Y6p 3GB64GB,6.3,720x1600,8,3,64,5000,3,10199
Huawei,Y5p 2GB32GB,5.45,720x1440,5,2,32,3020,5,6663
Huawei,P40 Pro 8GB256GB,6.58,1200x2640,32,8,256,4200,5,69360
Huawei,P30 Pro 8GB256GB,6.47,1080x2340,32,8,256,4200,3.9,47599
Huawei,Y7p 4GB64GB,6.39,720x1560,8,4,64,4000,4.2,11764
Huawei,Nova 7i 8GB128GB,6.4,1080x2310,16,8,128,4200,3.7,19380
Nokia,13 1GB16GB,5.71,720x1520,5,1,16,3000,3,7819
Nokia,5310 2020,2.4,240x320,-,8MB,0.016,1200,3.7,3739
Nokia,53 6GB64GB,6.55,720x1600,8,6,64,4000,3.9,14279
Nokia,C2 1GB16GB,5.7,720x1440,5,1,16,2800,3,5780
Nokia,800 Tough,2.4,240x320,-,0.5,4,2100,5,7480
Nokia,C1 1GB16GB,5.45,480x960,5,1,16,2500,2.4,4896
Nokia,23 2GB32GB,6.2,720x1520,5,2,32,4000,3.1,7819
Nokia,31 Plus 3GB32GB,6,720x1440,8,3,32,3500,3,9860
Nokia,31 3GB32GB,5.2,720x1440,8,3,32,2990,4.5,7208
Nokia,72 6GB128GB,6.3,1080x2280,20,6,128,3500,4.1,20399
Nokia,72 4GB64GB,6.3,1080x2280,20,4,64,3500,3.7,17680
Nokia,62 4GB64GB,6.3,1080x2280,8,4,64,3500,5,13940
Nokia,105 2019,1.77,120x160,-,-,0.004,800,3,1292
Nokia,22 2GB16GB,5.71,720x1520,5,2,16,3000,3.9,6460
